location,building,building_name,address,city_name,county,category,osfg,bldg_asf,levels,year,owner,mp_code,book_value,clean_location
AG FIELD STAT,8211,DV 2801 2ND,2801 2ND STREET,DAVIS (YOLO),YOLO,GENERAL,43817,25649,2,2013,UC,P,8191972.0,AG FIELD STAT
AG FIELD STAT,E214,H NUTRI BHARN,UNIVERSIT 4Y0 R7D0,HOPLAND,MENDOCIN O,GENERAL,7520,7329,1,1955,UC,P,389.0,AG FIELD STAT
AG FIELD STAT,E231,H POTTING SH,UNIVERSIT Y40 R7D0,HOPLAND,MENDOCIN O,GENERAL,155,131,1,1962,UC,P,0.0,AG FIELD STAT
AG FIELD STAT,E308,H 308 HOUSE,UNIVERSIT Y40 R7D0,HOPLAND,MENDOCIN O,GENERAL,1118,968,1,1956,UC,P,0.0,AG FIELD STAT
AG FIELD STAT,E319,STORAGE 9,UNIVERSIT Y40 R7D0,HOPLAND,MENDOCIN O,GENERAL,147,147,1,1979,UC,P,0.0,AG FIELD STAT
AG FIELD STAT,G107,SCREENH SE,HOLTON R10D04 E,EL CENTRO,IMPERIAL,GENERAL,1008,933,1,1970,UC,P,0.0,AG FIELD STAT
AG FIELD STAT,G214,STORAGE 2,HOLTON R10D04 E,EL CENTRO,IMPERIAL,GENERAL,1920,3736,1,1967,UC,P,0.0,AG FIELD STAT
AG FIELD STAT,G306,D 306 HOUSE,HOLTON R10D04 E,EL CENTRO,IMPERIAL,GENERAL,1113,1050,1,1947,UC,P,0.0,AG FIELD STAT
AG FIELD STAT,H201,E COW BE ARN,15 PURISIMA,HALF MOON BAY,SAN MATEO,GENERAL,3550,3429,1,1960,UC,P,,AG FIELD STAT
AG FIELD STAT,J105,K ADMIN KBLDG,RIVERBEN D92 A4V0 ES,PARLIER,FRESNO,GENERAL,7964,4688,1,1968,UC,P,155.0,AG FIELD STAT
AG FIELD STAT,J115,K MITCHELL,RIVERBEN 9D2 A4V0 ES,PARLIER,FRESNO,GENERAL,11583,11049,1,1992,UC,P,248832.0,AG FIELD STAT
AG FIELD STAT,J208,STORAGE 208,RIVERBEN 9D2 A4V0 ES,PARLIER,FRESNO,GENERAL,4800,4606,1,1977,UC,P,0.0,AG FIELD STAT
AG FIELD STAT,J218,PLANTSAM KP L,RIVERBEN D92 A4V0 ES,PARLIER,FRESNO,GENERAL,3200,3200,1,2001,UC,P,58684.0,AG FIELD STAT
AG FIELD STAT,L107,L CITRUS PKL,CARSON 2A2V9E63,EXETER,TULARE,GENERAL,5000,4739,1,1995,UC,P,15971.0,AG FIELD STAT
AG FIELD STAT,L203,L SHOP,CARSON 2A2V9E63,EXETER,TULARE,GENERAL,2304,2252,1,1970,UC,P,1291.0,AG FIELD STAT
AG FIELD STAT,N102,GREENHS E1,IRVINE 7B6L0V1D,IRVINE,ORANGE,GENERAL,1260,1164,1,1958,UC,P,0.0,AG FIELD STAT
AG FIELD STAT,N204,SC MACH STR,IRVINE B76L0V1D,IRVINE,ORANGE,GENERAL,3534,3136,1,1966,UC,P,0.0,AG FIELD STAT
AG FIELD STAT,P101,SF ADMIN BLD,SCOTT 8F2O7R9B ES,BROWNS VALLEY,YUBA,GENERAL,2168,1397,1,1975,UC,P,191.0,AG FIELD STAT
AG FIELD STAT,P213,PUMPHSE 1,SCOTT F82O7R9B ES,BROWNS VALLEY,YUBA,GENERAL,48,0,1,1960,UC,P,,AG FIELD STAT
AG FIELD STAT,P410,SF PAV BLD,SCOTT F82O7R9B ES,BROWNS VALLEY,YUBA,GENERAL,1632,1500,1,1966,UF,P,,AG FIELD STAT
AG FIELD STAT,R206,I SHOP 2,139/HAVLI HNWA Y,TULELAKE,SISKIYOU,GENERAL,2304,1783,1,1975,UC,P,0.0,AG FIELD STAT
AG FIELD STAT,V105,HL POLE SHED,WEST TELEGRAP,SANTA PAULA,VENTURA,GENERAL,1600,3200,1,2002,UC,P,31808.0,AG FIELD STAT
AG FIELD STAT,W207,WS EQ SWTSR G 1,OAKLAND A17V3E53 W,FIVE POINTS,FRESNO,GENERAL,3232,6464,1,1974,UC,P,0.0,AG FIELD STAT
AG FIELD STAT,W312,WS DORM 2,OAKLAND 1A7V3E53 W,FIVE POINTS,FRESNO,GENERAL,1317,913,1,1963,UC,P,0.0,AG FIELD STAT
BERKELEY,1010,MRI MODLR II,CORE 2C1A5M4P-6U0S,BERKELEY,ALAMEDA,GENERAL,788,685,1,2008,UC,I,908327.0,BERKELEY
BERKELEY,1022,ENERGYBI OBLD,CORE 3C2A0M0P --U S,BERKELEY,ALAMEDA,GENERAL,124174,69767,7,2012,UC,P,116609350.0,BERKELEY
BERKELEY,1064B,BOWDITC2 420,HEAD CANONMAP LEX,BERKELEY,ALAMEDA,GENERAL,8014,4525,3,1895,UP,O,61319.0,BERKELEY
BERKELEY,1081,FOOTHILL 1,HEARST 2A7V0E0,BERKELEY,ALAMEDA,RESIDENTIAL,43549,34760,2,1990,UC,P,2497459.0,BERKELEY
BERKELEY,1095,WARREN,2195 HEARST,BERKELEY,ALAMEDA,GENERAL,69354,51345,4,2003,UC,P,23916868.0,BERKELEY
BERKELEY,1147,RH2 TOWLE,2650 HASTE ST,BERKELEY,ALAMEDA,RESIDENTIAL,67155,40471,9,2004,UC,P,17801208.0,BERKELEY
BERKELEY,1210,SPROUL,CORE 2C6A0M0PUS,BERKELEY,ALAMEDA,GENERAL,111197,66680,6,1941,UC,P,4278819.0,BERKELEY
BERKELEY,1229,NW AN FACIL,CORE CAMPUS,BERKELEY,ALAMEDA,GENERAL,52845,30494,2,1991,UC,P,3760967.0,BERKELEY
BERKELEY,1251,STRAWBE RY RR,CORE CAMPUS,BERKELEY,ALAMEDA,GENERAL,332,0,2,1959,UC,P,,BERKELEY
BERKELEY,1270,CALIFORNI A,CORE CAMPUS,BERKELEY,ALAMEDA,GENERAL,56398,31046,4,1905,UC,P,1926634.0,BERKELEY
BERKELEY,1302,MINOR ADDITN,CORE CAMPUS,BERKELEY,ALAMEDA,GENERAL,55818,32497,5,1978,UC,P,1383768.0,BERKELEY
BERKELEY,1311,FSBR 7C,PEAK & GCERNIZTZELNYNI,OAKLAND,ALAMEDA,GENERAL,719,116,1,1962,UC,P,0.0,BERKELEY
BERKELEY,1321,MCLAUGH LIN,CORE CAMPUS,BERKELEY,ALAMEDA,GENERAL,49388,30330,6,1931,UC,P,698315.0,BERKELEY
BERKELEY,1356,GILMAN,CORE CAMPUS,BERKELEY,ALAMEDA,GENERAL,44200,27018,5,1917,UC,P,1086531.0,BERKELEY
BERKELEY,1377,O'BRIEN,CORE CAMPUS,BERKELEY,ALAMEDA,GENERAL,41821,28579,6,1959,UC,P,1807581.0,BERKELEY
BERKELEY,1418,DWINELLE AN,CORE CAMPUS,BERKELEY,ALAMEDA,GENERAL,8787,5803,2,1920,UC,P,219044.0,BERKELEY
BERKELEY,1441,UNIV H SHED,CORE CAMPUS,BERKELEY,ALAMEDA,GENERAL,164,139,1,1985,UC,P,,BERKELEY
BERKELEY,1520,UCB ART MUSE,CORE CAMPUS,BERKELEY,ALAMEDA,GENERAL,105833,58544,6,1970,UC,P,3051927.0,BERKELEY
BERKELEY,1568,EMERGEN ST B,PEAK & GCERNIZTZELNYNI,BERKELEY,ALAMEDA,GENERAL,159,150,1,2006,UP,I,,BERKELEY
BERKELEY,1623,CEV RSF,CORE CAMPUS,BERKELEY,ALAMEDA,GENERAL,275,0,1,2001,UC,P,,BERKELEY
BERKELEY,1718,BG 1718,CENTENNI A20L0 D RIVE -,OAKLAND,ALAMEDA,GENERAL,311,118,1,1927,UC,P,126756.0,BERKELEY
BERKELEY,1734,BG 1734 OFFC,CENTENNI A20L0 D RIVE -,OAKLAND,ALAMEDA,GENERAL,717,717,1,1927,UC,P,,BERKELEY
BERKELEY,1747,BG 1747 GH2,CENTENNI A20L0 D RIVE -,OAKLAND,ALAMEDA,GENERAL,2015,1918,1,1927,UC,P,,BERKELEY
BERKELEY,1762,RMHC1C ONE,CORE 2C6A5M0PUS,BERKELEY,ALAMEDA,GENERAL,125731,72923,7,1961,UC,P,9782447.0,BERKELEY
BERKELEY,1772,RH2 CENTRAL,2650 HASTE ST,BERKELEY,ALAMEDA,RESIDENTIAL,21455,11578,1,1960,UC,P,4923279.0,BERKELEY
BERKELEY,1784,CHAVEZ,CORE C17A4M1PUS,BERKELEY,ALAMEDA,GENERAL,109505,70395,4,1960,UC,P,3804672.0,BERKELEY
BERKELEY,1795,BANCROF 2401,CORE CAMPUS,BERKELEY,ALAMEDA,GENERAL,4931,3670,2,1898,UP,P,618500.0,BERKELEY
BERKELEY,1806,RH3 SPENSBLK,2400 DURANT,BERKELEY,ALAMEDA,RESIDENTIAL,40851,27315,10,1964,UC,P,4248599.0,BERKELEY
BERKELEY,1821,CKC 2,KERR CALAMRPKU S,BERKELEY,ALAMEDA,RESIDENTIAL,45818,28380,2,1949,UF,P,15646095.0,BERKELEY
BERKELEY,1831,CKC 12,KERR CAMPUS,BERKELEY,ALAMEDA,RESIDENTIAL,44106,31060,3,1930,UF,P,332922.0,BERKELEY
BERKELEY,1841,22OLDGY M,KERR CALAMRPKU S,BERKELEY,ALAMEDA,GENERAL,16729,12594,2,1915,UF,O,,BERKELEY
BERKELEY,2325,SF WOODS,LAGUNA S55T  - UNEX,FRANCISC SOAN,FRANCISC OSAN,GENERAL,25561,12951,2,1923,UP,P,,BERKELEY
BERKELEY,2406,FSH 106,OHLONE 7A5V5E,ALBANY,ALAMEDA,RESIDENTIAL,17328,14466,3,2000,UC,P,1095788.0,BERKELEY
BERKELEY,2416,FSH 116,OHLONE A98V0E,ALBANY,ALAMEDA,RESIDENTIAL,17328,14466,3,2000,UC,P,1095788.0,BERKELEY
BERKELEY,2426,FSH 126,GOODING 1W0A7Y0,ALBANY,ALAMEDA,RESIDENTIAL,12092,10381,3,2000,UC,P,786350.0,BERKELEY
BERKELEY,2436,FSH 136,786 RED 6O0A0K R AEVDE,ALBANY,ALAMEDA,RESIDENTIAL,8384,7285,3,2000,UC,P,551827.0,BERKELEY
BERKELEY,2447,FSH LAUNDRY6,1125 8TH STREET,ALBANY,ALAMEDA,RESIDENTIAL,492,330,1,1999,UC,P,24998.0,BERKELEY
BERKELEY,2464,FSH 145,KINKEAD W86A5Y,ALBANY,ALAMEDA,RESIDENTIAL,17703,13962,3,2006,UC,P,2690230.0,BERKELEY
BERKELEY,2474,FSH 157,725 KULA G40U5L RF EWDA Y,ALBANY,ALAMEDA,RESIDENTIAL,12162,8981,3,2006,UC,P,1752654.0,BERKELEY
BERKELEY,2484,FSH 165,625 WEST END WAY,ALBANY,ALAMEDA,RESIDENTIAL,19073,14553,3,2008,UC,P,3092180.0,BERKELEY
BERKELEY,9012,WORKSHO P,CARMEL V38A6L0L1E EY.,CARMEL VALLEY,MONTERE Y,GENERAL,1015,968,1,1930,UF,P,,BERKELEY
BERKELEY,9027,HR ARNOLD,CARMEL V38A6L0L1E EY.,CARMEL VALLEY,MONTERE Y,GENERAL,443,432,1,1900,UF,P,,BERKELEY
BERKELEY,9040,RESTROO MHR,CARMEL V38A6L0L1E EY.,CARMEL VALLEY,MONTERE Y,GENERAL,58,0,1,1995,UC,P,,BERKELEY
BERKELEY,9101,RUSS LEUS RS,HAPPY 4V9A2L7L EY,LAFAYETT E,CONTRA COSTA,RESIDENTIAL,1991,1747,2,1892,UC,P,,BERKELEY
BERKELEY,9113,RUSS CHEM ST,HAPPY BVLAULLEE OYA K,LAFAYETT E,CONTRA COSTA,GENERAL,89,72,1,1988,UC,P,,BERKELEY
BERKELEY,9124,RUSS WOODSHD,HAPPY V49A2L7L EY,LAFAYETT E,CONTRA COSTA,GENERAL,203,177,1,1966,UC,P,,BERKELEY
BERKELEY,9134,RUSS BARNSHD,HAPPY 3V8A6L0L1E EY.,LAFAYETT E,CONTRA COSTA,GENERAL,127,123,1,1930,UC,P,,BERKELEY
BERKELEY,9226,AR AH LUMBER,WILDERNE 4S2S0 L1ODGE,BRANSCO MB,MENDOCIN O,GENERAL,448,406,1,1937,UF,P,,BERKELEY
BERKELEY,9236,AR CT OUTHS1,WILDERNE 4S2S0 L1ODGE,BRANSCO MB,MENDOCIN O,GENERAL,35,0,1,1995,UF,P,,BERKELEY
BERKELEY,9248,SH SMHE ADOW,SAGEHEN R11O6A1D6,TRUCKEE,NEVADA,RESIDENTIAL,220,191,1,1957,UC,P,,BERKELEY
BERKELEY,9258,NRTHCABI N,SAGEHEN ROAD,TRUCKEE,NEVADA,RESIDENTIAL,232,206,1,1984,UC,P,,BERKELEY
BERKELEY,9274,AR WL WOOD,WILDERNE 4S2S0 L1ODGE,BRANSCO MB,MENDOCIN O,GENERAL,99,91,1,1985,UF,P,,BERKELEY
BERKELEY,9284,AR HQ GARAGE,WILDERNE 4S2S0 L1ODGE,BRANSCO MB,MENDOCIN O,GENERAL,1218,1172,1,1948,UF,P,,BERKELEY
BERKELEY,9497,FSH COMM CTR,1125 8TH STREET,ALBANY,ALAMEDA,RESIDENTIAL,13709,10656,1,1942,UF,P,1605767.0,BERKELEY
BERKELEY,9532,RFS 102,SOUTH 1463T01H,RICHMON D,CONTRA COSTA,GENERAL,6848,5765,1,1950,UP,I,,BERKELEY
BERKELEY,9546,RFS 128,SOUTH 1463T01H,RICHMON D,CONTRA COSTA,GENERAL,10351,8521,1,1950,UP,P,,BERKELEY
BERKELEY,9558,RFS 162,SOUTH 1463T01H,RICHMON D,CONTRA COSTA,GENERAL,235,0,1,1976,UC,P,,BERKELEY
BERKELEY,9571,RFS 190,SOUTH 4163T01H,RICHMON D,CONTRA COSTA,GENERAL,2951,2016,2,1950,UP,P,,BERKELEY
BERKELEY,9591,RFS 479,SOUTH 1463T01H,RICHMON D,CONTRA COSTA,GENERAL,54,40,1,1954,UC,P,,BERKELEY
BERKELEY,9612,RFS 482,SOUTH 1463T01H,RICHMON D,CONTRA COSTA,GENERAL,1516,1414,1,1965,UC,P,,BERKELEY
BERKELEY,9721,RFS 475,SOUTH 1463T01H,RICHMON D,CONTRA COSTA,GENERAL,1296,1129,1,1993,UC,P,,BERKELEY
DAVIS,3201,WALKER,CORE C13A8M0PUS,DAVIS (YOLO),YOLO,GENERAL,44415,36988,2,1927,UC,O,124096.0,DAVIS
DAVIS,3225,THE BARN,CORE CAMPUS,DAVIS (YOLO),YOLO,GENERAL,11122,7491,2,1914,UC,P,319492.0,DAVIS
DAVIS,3241,HCD CMPTR LB,CORE CAMPUS,DAVIS (YOLO),YOLO,GENERAL,2581,1148,1,1936,UC,P,3784.0,DAVIS
DAVIS,3274,NORTH,CORE CAMPUS,DAVIS (YOLO),YOLO,GENERAL,24376,11006,4,1908,UC,P,3104968.0,DAVIS
DAVIS,3295,ARS TR 1532,CORE CAMPUS,DAVIS (SOLANO),SOLANO,HEALTH SCIENCE,1440,1069,1,1973,UP,R,14412.0,DAVIS
DAVIS,3307,UNIV HOUSE,CORE CAMPUS,DAVIS (YOLO),YOLO,GENERAL,3878,2983,2,1908,UC,P,77811.0,DAVIS
DAVIS,3350,EVERSN,CORE CAMPUS,DAVIS (YOLO),YOLO,GENERAL,51653,27804,3,1952,UC,O,368740.0,DAVIS
DAVIS,3400,ART ANNEX,CORE CAMPUS,DAVIS (YOLO),YOLO,GENERAL,9973,7368,1,1938,UC,P,2098849.0,DAVIS
DAVIS,3425A,P FLD LAB 2,CORE CAMPUS,DAVIS (YOLO),YOLO,GENERAL,495,460,1,1952,UC,P,0.0,DAVIS
DAVIS,3462,TB 1,CORE CAMPUS,DAVIS (YOLO),YOLO,GENERAL,3040,2927,1,1947,UF,P,53115.0,DAVIS
DAVIS,3482,P HS M,CORE CAMPUS,DAVIS (YOLO),YOLO,GENERAL,2050,4000,1,1950,UC,P,0.0,DAVIS
DAVIS,3534,AH HAY,CORE CAMPUS,DAVIS (YOLO),YOLO,GENERAL,505,1000,1,1944,UP,P,0.0,DAVIS
DAVIS,3557,BEE HS,CORE CAMPUS,DAVIS (YOLO),YOLO,GENERAL,1620,1500,1,1924,UC,P,0.0,DAVIS
DAVIS,3703,RADXR2,CORE CAMPUS,DAVIS (YOLO),YOLO,GENERAL,1210,1062,1,1954,UC,O,0.0,DAVIS
DAVIS,3738,HANGAR NO 3,AIRPORT RD,DAVIS (YOLO),YOLO,GENERAL,1927,1775,1,1965,UC,P,0.0,DAVIS
DAVIS,3756,DAIRY,CORE CAMPUS,DAVIS (YOLO),YOLO,GENERAL,7514,6094,1,1958,UC,P,3517.0,DAVIS
DAVIS,3765,WS&E FLB,CORE CAMPUS,DAVIS (YOLO),YOLO,GENERAL,3034,2272,1,1958,UC,P,0.0,DAVIS
DAVIS,3778,WS&E HYD L2,CORE CAMPUS,DAVIS (YOLO),YOLO,GENERAL,16564,15870,1,1961,UC,P,265055.0,DAVIS
DAVIS,3795,AG SERV SH 2,CORE CAMPUS,DAVIS (YOLO),YOLO,GENERAL,3260,3550,1,1962,UC,P,0.0,DAVIS
DAVIS,3811,PP CHEM STOR,CORE CAMPUS,DAVIS (SOLANO),SOLANO,GENERAL,200,182,1,1955,UC,I,0.0,DAVIS
DAVIS,3828,PFH F,CORE CAMPUS,DAVIS (YOLO),YOLO,GENERAL,420,449,1,1963,UC,P,0.0,DAVIS
DAVIS,3838,ARS H-1,CORE CAMPUS,DAVIS (SOLANO),SOLANO,HEALTH SCIENCE,4579,4489,1,1964,UC,P,0.0,DAVIS
DAVIS,3849,SOLANO 4200,SOLANO P23A4R K CIR,DAVIS (YOLO),YOLO,RESIDENTIAL,7224,5460,3,1962,UC,P,8114.0,DAVIS
DAVIS,3859,SOLANO 3700,SOLANO P37A2R K CIR,DAVIS (YOLO),YOLO,RESIDENTIAL,6248,5680,2,1962,UC,P,40486.0,DAVIS
DAVIS,3869,SOLANO 3100,SOLANO 4P3A8R K CIR,DAVIS (YOLO),YOLO,RESIDENTIAL,7224,5460,3,1962,UC,P,5479.0,DAVIS
DAVIS,3879,SOLANO 3300,SOLANO P32A2R K CIR,DAVIS (YOLO),YOLO,RESIDENTIAL,1470,1141,1,1962,UC,P,4244.0,DAVIS
DAVIS,3889,ORCHARD 5600,ORCHARD P13A6R6K  CIR,DAVIS (YOLO),YOLO,RESIDENTIAL,7224,5610,1,1964,UC,P,3430.0,DAVIS
DAVIS,3899,ORCHARD 6000,ORCHARD P13A5R4K  CIR,DAVIS (YOLO),YOLO,RESIDENTIAL,7820,4488,1,1964,UC,P,3520.0,DAVIS
DAVIS,3909,REGAN CAMPO,REGAN 5H7A5L L CIR,DAVIS (YOLO),YOLO,RESIDENTIAL,10378,6815,2,1965,UC,P,397692.0,DAVIS
DAVIS,3919,GRHS 302,CORE CAMPUS,DAVIS (YOLO),YOLO,GENERAL,433,384,1,1965,UC,P,0.0,DAVIS
DAVIS,3929,GRHS 312,CORE CAMPUS,DAVIS (YOLO),YOLO,GENERAL,433,384,1,1965,UC,P,0.0,DAVIS
DAVIS,3939,VET LAB AN D,CORE CAMPUS,DAVIS (YOLO),YOLO,HEALTH SCIENCE,2280,2073,1,1964,UC,P,0.0,DAVIS
DAVIS,3970,MUSIC,CORE CAMPUS,DAVIS (YOLO),YOLO,GENERAL,20204,10938,2,1966,UC,P,45146.0,DAVIS
DAVIS,3979,GRHS 603,CORE CAMPUS,DAVIS (YOLO),YOLO,GENERAL,433,384,1,1965,UC,P,0.0,DAVIS
DAVIS,3989,GRHS 613,CORE CAMPUS,DAVIS (YOLO),YOLO,GENERAL,433,384,1,1965,UC,P,0.0,DAVIS
DAVIS,4002,GRHS 070,CORE CAMPUS,DAVIS (YOLO),YOLO,GENERAL,906,839,1,1965,UC,P,0.0,DAVIS
DAVIS,4049,MECH 2,CORE CAMPUS,DAVIS (YOLO),YOLO,GENERAL,22537,4040,1,1967,UC,P,17343904.0,DAVIS
DAVIS,4073,STORER,CORE CAMPUS,DAVIS (YOLO),YOLO,GENERAL,91104,52064,7,1968,UC,P,789857.0,DAVIS
DAVIS,4093,TB 127,CORE CAMPUS,DAVIS (SOLANO),SOLANO,HEALTH SCIENCE,952,652,1,1966,UP,P,0.0,DAVIS
DAVIS,4103,HD H 001,CORE CAMPUS,DAVIS (YOLO),YOLO,GENERAL,3414,2870,1,1967,UC,P,0.0,DAVIS
DAVIS,4113,GRHS 109,CORE CAMPUS,DAVIS (YOLO),YOLO,GENERAL,448,410,1,1967,UC,P,0.0,DAVIS
DAVIS,4123,GRHS 208,CORE CAMPUS,DAVIS (YOLO),YOLO,GENERAL,448,410,1,1966,UC,P,0.0,DAVIS
DAVIS,4133,GRHS 218,CORE CAMPUS,DAVIS (YOLO),YOLO,GENERAL,448,410,1,1966,UC,P,0.0,DAVIS
DAVIS,4146,TB 132,COUNTY ROAD 98,DAVIS (YOLO),YOLO,HEALTH SCIENCE,980,900,1,1966,UP,P,9138.0,DAVIS
DAVIS,4156,PRIM CCSTOR1,COUNTY ROAD 98,DAVIS (YOLO),YOLO,HEALTH SCIENCE,1362,1022,1,1967,UC,P,0.0,DAVIS
DAVIS,4183,GRHS 059,CORE CAMPUS,DAVIS (SOLANO),SOLANO,GENERAL,445,400,1,1967,UC,P,0.0,DAVIS
DAVIS,4200,WELL A1,CORE CAMPUS,DAVIS (YOLO),YOLO,GENERAL,50,0,1,1968,UC,P,0.0,DAVIS
DAVIS,4212,WELL G6,CORE CAMPUS,DAVIS (YOLO),YOLO,GENERAL,50,0,1,1968,UC,P,0.0,DAVIS
DAVIS,4226,GRHS 184,CORE CAMPUS,DAVIS (YOLO),YOLO,GENERAL,2617,2286,1,1968,UC,P,0.0,DAVIS
DAVIS,4252,TB 160,CORE CAMPUS,DAVIS (YOLO),YOLO,HEALTH SCIENCE,1176,919,1,1969,UP,P,0.0,DAVIS
DAVIS,4262,TB 170,CORE CAMPUS,DAVIS (YOLO),YOLO,HEALTH SCIENCE,1302,1194,1,1969,UP,P,1534.0,DAVIS
DAVIS,4272,VMTH FEED,CORE CAMPUS,DAVIS (YOLO),YOLO,HEALTH SCIENCE,14000,13725,1,1969,UC,P,0.0,DAVIS
DAVIS,4294,WELL A7,CORE CAMPUS,DAVIS (YOLO),YOLO,GENERAL,50,0,1,1960,UC,P,0.0,DAVIS
DAVIS,4305,TB 178,COUNTY ROAD 98,DAVIS (YOLO),YOLO,HEALTH SCIENCE,900,869,1,1970,UP,P,444718.0,DAVIS
DAVIS,4318,TB 187,CORE CAMPUS,DAVIS (YOLO),YOLO,GENERAL,960,906,1,1970,UP,P,17963.0,DAVIS
DAVIS,4331,ARS TP2,CORE CAMPUS,DAVIS (SOLANO),SOLANO,HEALTH SCIENCE,352,700,1,1971,UC,P,0.0,DAVIS
DAVIS,4341,ARS R2,CORE CAMPUS,DAVIS (SOLANO),SOLANO,HEALTH SCIENCE,1296,1166,1,1971,UC,P,25319.0,DAVIS
DAVIS,4351,ARS T 4,CORE CAMPUS,DAVIS (SOLANO),SOLANO,HEALTH SCIENCE,684,602,1,1971,UC,P,0.0,DAVIS
DAVIS,4361,ARS T 14,CORE CAMPUS,DAVIS (SOLANO),SOLANO,HEALTH SCIENCE,684,602,1,1971,UC,P,0.0,DAVIS
DAVIS,4371,ARS X 2,CORE CAMPUS,DAVIS (SOLANO),SOLANO,HEALTH SCIENCE,264,203,1,1971,UC,P,6583.0,DAVIS
DAVIS,4383,P HS U,CORE CAMPUS,DAVIS (YOLO),YOLO,GENERAL,900,850,1,1970,UC,P,0.0,DAVIS
DAVIS,4395,GRHS 075,CORE CAMPUS,DAVIS (YOLO),YOLO,GENERAL,4032,3895,1,1972,UC,P,0.0,DAVIS
DAVIS,4406,DOME 5,ORCHARD P34A3R K CIR,DAVIS (YOLO),YOLO,RESIDENTIAL,535,515,1,1972,UC,P,0.0,DAVIS
DAVIS,4416,DOME 15,ORCHARD PARK CIR,DAVIS (YOLO),YOLO,RESIDENTIAL,535,515,1,1972,UC,P,0.0,DAVIS
DAVIS,4427,TUPPER HALL,CORE CAMPUS,DAVIS (YOLO),YOLO,HEALTH SCIENCE,237712,153867,4,1977,UC,P,15213487.0,DAVIS
DAVIS,4437,FPMS GH 77,CORE CAMPUS,DAVIS (YOLO),YOLO,GENERAL,2400,2350,1,1976,UC,P,0.0,DAVIS
DAVIS,4456,VEG FLD HQ B,CORE CAMPUS,DAVIS (YOLO),YOLO,GENERAL,4000,3140,1,1977,UC,P,0.0,DAVIS
DAVIS,4466,VET MED 2,CORE CAMPUS,DAVIS (YOLO),YOLO,HEALTH SCIENCE,50156,32669,2,1979,UC,P,1547036.0,DAVIS
DAVIS,4485,ARS J7,CORE CAMPUS,DAVIS (SOLANO),SOLANO,HEALTH SCIENCE,2624,1920,1,1974,UC,P,0.0,DAVIS
DAVIS,4521,STORAGE,CORE C56A5M PUS,DAVIS (SOLANO),SOLANO,HEALTH SCIENCE,3200,3081,1,1982,UC,P,,DAVIS
DAVIS,4553,CRC TRLR,CORE CAMPUS,DAVIS (SOLANO),SOLANO,HEALTH SCIENCE,356,303,1,1972,UP,R,341.0,DAVIS
DAVIS,4573,BSBALL STOR,CORE CAMPUS,DAVIS (YOLO),YOLO,GENERAL,768,695,1,1986,UC,P,1096.0,DAVIS
DAVIS,4588B,UNEX TRLR D,CORE CAMPUS,DAVIS (YOLO),YOLO,GENERAL,2116,2104,1,1988,UP,R,21503.0,DAVIS
DAVIS,4610,PRIM RSCH OF,COUNTY ROAD 98,DAVIS (YOLO),YOLO,HEALTH SCIENCE,2112,1744,1,1989,UC,P,379408.0,DAVIS
DAVIS,4627,ACF SHLTR 5,CORE CAMPUS,DAVIS (YOLO),YOLO,GENERAL,3200,2977,1,1990,UC,P,45280.0,DAVIS
DAVIS,4640,EU2 WND TUNL,CORE CAMPUS,DAVIS (YOLO),YOLO,GENERAL,5423,5009,1,1993,UC,P,350881.0,DAVIS
DAVIS,4658,FPS FAC,CORE CAMPUS,DAVIS (YOLO),YOLO,GENERAL,5551,4041,1,1994,UC,P,1277074.0,DAVIS
DAVIS,4682,LNDFL SCALE,CORE CAMPUS,DAVIS (YOLO),YOLO,GENERAL,515,439,1,1996,UC,P,18090.0,DAVIS
DAVIS,4701,NMR TRLR,CORE CAMPUS,DAVIS (YOLO),YOLO,GENERAL,1440,1120,1,1997,UP,R,152776.0,DAVIS
DAVIS,4716,MADDY LAB,CORE CAMPUS,DAVIS (YOLO),YOLO,HEALTH SCIENCE,27248,17017,1,1999,UC,P,4696368.0,DAVIS
DAVIS,4728,HMN RES ADMN,CORE CAMPUS,DAVIS (YOLO),YOLO,GENERAL,12744,8664,1,2000,UC,P,942681.0,DAVIS
DAVIS,4740,GRHS 707,CORE CAMPUS,DAVIS (YOLO),YOLO,GENERAL,1830,1770,1,2001,UC,P,127292.0,DAVIS
DAVIS,4750,GRHS 717,CORE CAMPUS,DAVIS (YOLO),YOLO,GENERAL,1830,1770,1,2001,UC,P,129350.0,DAVIS
DAVIS,4786,GENOME & BIO,CORE CAMPUS,DAVIS (YOLO),YOLO,GENERAL,229661,132258,7,2004,UC,P,64544584.0,DAVIS
DAVIS,4799,ARC,CORE CAMPUS,DAVIS (YOLO),YOLO,GENERAL,158120,118147,2,2002,UC,P,27085196.0,DAVIS
DAVIS,4813,GEOTEC MODEL,CORE C27A2M1P7 US,DAVIS (YOLO),YOLO,GENERAL,5049,4411,1,2003,UC,P,,DAVIS
DAVIS,4828,TAPS,CORE CAMPUS,DAVIS (YOLO),YOLO,GENERAL,22563,14489,2,2005,UC,P,5073769.0,DAVIS
DAVIS,4850,PRIM FREEZER,COUNTY ROAD 98,DAVIS (YOLO),YOLO,HEALTH SCIENCE,1680,1607,1,2006,UC,P,5837.0,DAVIS
DAVIS,4860,PRIM MOD AN2,COUNTY ROAD 98,DAVIS (YOLO),YOLO,HEALTH SCIENCE,5496,4842,1,2008,UC,R,1127125.0,DAVIS
DAVIS,4871,HLTH WELL,CORE CAMPUS,DAVIS (YOLO),YOLO,HEALTH SCIENCE,78275,47352,2,2010,UC,P,37300056.0,DAVIS
DAVIS,4886,HEADEND B1,CORE CAMPUS,DAVIS (YOLO),YOLO,GENERAL,400,390,1,1973,UF,P,,DAVIS
DAVIS,4898,STDT COM CTR,CORE CAMPUS,DAVIS (YOLO),YOLO,GENERAL,44484,24831,2,2011,UC,P,15815938.0,DAVIS
DAVIS,4919,GR SHED PAL,CORE CAMPUS,DAVIS (YOLO),YOLO,GENERAL,180,165,1,1975,UC,P,,DAVIS
DAVIS,4978,TER P3 1,CORE CAMPUS,DAVIS (YOLO),YOLO,RESIDENTIAL,39333,24037,4,2014,UC,P,13547708.0,DAVIS
DAVIS,4988,DAIRY FLDSTR,CORE CAMPUS,DAVIS (YOLO),YOLO,GENERAL,540,515,1,2012,UC,P,,DAVIS
DAVIS,5001,CATTLE PN7,CORE CAMPUS,DAVIS (YOLO),YOLO,GENERAL,2664,2600,1,2014,UC,P,160663.0,DAVIS
DAVIS,7811,ARBORTM NURS,CORE 1C3A8M0PUS,DAVIS (YOLO),YOLO,GENERAL,29000,28700,1,2008,UC,P,,DAVIS
DAVIS,8088,UMC RAD TR,4671 X ST,SACRAME NTO,SACRAME NTO,HEALTH SCIENCE,2166,1976,1,2004,UP,R,90142.0,DAVIS
DAVIS,8166,DUBACH OFFIC,OLMO 2LA91N9E,DIXON,SOLANO,GENERAL,1100,970,1,1970,UF,P,,DAVIS
DAVIS,8187,CAHFS SB DTF,CENTRAL A12V1E5 W,BERNARDI NO,BERNARDI NO,HEALTH SCIENCE,4655,3453,1,2012,UC,P,3151916.0,DAVIS
DAVIS,8999,UMC WASTE,2790 49TH 1S3T8R0E ET,SACRAME NTO,SACRAME NTO,HEALTH SCIENCE,3275,2342,1,2011,UC,P,1645774.0,DAVIS
DAVIS,9262,WLFSKL IMPL,PUTAH C43R3E4E K RD,WINTERS,SOLANO,GENERAL,1046,2000,1,1930,UC,P,0.0,DAVIS
DAVIS,9514,UMC POLICE,4200 V STREET,SACRAME NTO,SACRAME NTO,HEALTH SCIENCE,2170,1994,1,1989,UC,P,55194.0,DAVIS
DAVIS,9553,UNIV GAR EST,RESEARC H14 P4A1 RK DR,DAVIS (YOLO),YOLO,GENERAL,980,920,1,1988,UP,P,3132.0,DAVIS
DAVIS,9826,MEDRECR D,4010 V STREET,SACRAME NTO,SACRAME NTO,HEALTH SCIENCE,26021,19350,2,1991,UC,P,3071658.0,DAVIS
DAVIS,9842,RR-SHOP,COUNTY ROAD 95,DAVIS (YOLO),YOLO,GENERAL,1024,1000,1,1900,UF,P,471.0,DAVIS
DAVIS,9852,DV 207 THIRD,207 THIRD ST,DAVIS (YOLO),YOLO,GENERAL,4687,3750,3,1994,UP,P,200974.0,DAVIS
DAVIS,9906,DV 1633 DVNC,1633 DA VINCI CT,DAVIS (YOLO),YOLO,GENERAL,10162,7798,1,1993,UP,P,1617188.0,DAVIS
DAVIS,9960,UMC PATH SPT,4400 V ST,SACRAME NTO,SACRAME NTO,HEALTH SCIENCE,22691,13890,2,1996,UP,P,2122599.0,DAVIS
DAVIS,B103,BODEGA M LAB,WESTSIDE R20D99,BODEGA BAY,SONOMA,GENERAL,33694,17963,1,1965,UC,P,54262.0,DAVIS
DAVIS,B115,BML TRLR CV,WESTSIDE 2R0D99,BODEGA BAY,SONOMA,GENERAL,620,615,1,1990,UC,R,3387.0,DAVIS
DAVIS,B128,BODEGA OCEAN,WESTSIDE 2R0D99,BODEGA BAY,SONOMA,GENERAL,418,375,1,1990,UP,R,,DAVIS
DAVIS,T103,TUL MAINT,18830 ROAD 112,TULARE,TULARE,HEALTH SCIENCE,3841,3191,1,1983,UC,P,0.0,DAVIS
DAVIS,T120,TUL STU TLR,18830 ROAD 112,TULARE,TULARE,RESIDENTIAL,1536,1382,1,2014,UP,R,,DAVIS
IRVINE,9011,CROSSCU LTURE,CORE CAMPUS,IRVINE,ORANGE,GENERAL,11602,7694,1,1989,UC,P,191471.0,IRVINE
IRVINE,9025,KRIEGER HALL,CORE CAMPUS,IRVINE,ORANGE,GENERAL,42496,27437,5,1965,UC,P,3386498.0,IRVINE
IRVINE,9045,CONTEMP ARTS,CORE CAMPUS,IRVINE,ORANGE,GENERAL,60422,33912,5,2010,UC,P,33901600.0,IRVINE
IRVINE,9058,ARTS TECH,CORE CAMPUS,IRVINE,ORANGE,GENERAL,13862,7696,2,1970,UC,P,967049.0,IRVINE
IRVINE,9082,GILESPIE BLD,CORE CAMPUS,IRVINE,ORANGE,HEALTH SCIENCE,82920,51981,4,1997,UC,P,10763047.0,IRVINE
IRVINE,9104,ARTS ANNEX 3,CORE CAMPUS,IRVINE,ORANGE,GENERAL,1400,1334,1,2004,UP,R,,IRVINE
IRVINE,9118,CAL (IT)2,CORE CAMPUS,IRVINE,ORANGE,GENERAL,120585,59725,4,2004,UC,P,29825044.0,IRVINE
IRVINE,9134,BREN HALL,CORE CAMPUS,IRVINE,ORANGE,GENERAL,149103,90530,7,2007,UC,P,33240622.0,IRVINE
IRVINE,9145,PALOVER D7200,CORE CAMPUS,IRVINE,ORANGE,RESIDENTIAL,36443,29962,4,2004,UC,P,2673705.0,IRVINE
IRVINE,9155,PALOVER D8300,CORE CAMPUS,IRVINE,ORANGE,RESIDENTIAL,35669,29828,4,2005,UC,P,2672360.0,IRVINE
IRVINE,9171,HICF TRL B,CORE CAMPUS,IRVINE,ORANGE,GENERAL,1440,1357,1,2003,UP,R,,IRVINE
IRVINE,9209,PUBLIC SERVC,CORE CAMPUS,IRVINE,ORANGE,GENERAL,21086,15470,2,1986,UC,P,954676.0,IRVINE
IRVINE,9222,ECOLOGY 2,CORE CAMPUS,IRVINE,ORANGE,GENERAL,35753,23583,3,1996,UC,P,3869603.0,IRVINE
IRVINE,9233,MATE CHOICE1,CORE CAMPUS,IRVINE,ORANGE,GENERAL,425,395,1,1972,UF,R,,IRVINE
IRVINE,9245,CHLD DEV CTR,JAMBORE E BLVD,IRVINE,ORANGE,HEALTH SCIENCE,6500,4567,1,1984,UF,I,0.0,IRVINE
IRVINE,9256,ANT PARK STR,CORE 4C0A1M PUS,IRVINE,ORANGE,GENERAL,571118,0,7,2006,UC,P,22202252.0,IRVINE
IRVINE,9282,PALOVER D2400,CORE CAMPUS,IRVINE,ORANGE,RESIDENTIAL,593,388,1,1990,UC,P,14698.0,IRVINE
IRVINE,9292,PALOVER D5100,CORE CAMPUS,IRVINE,ORANGE,RESIDENTIAL,11539,9012,4,1990,UC,P,246603.0,IRVINE
IRVINE,9307,NEWKIRK ALUM,CORE CAMPUS,IRVINE,ORANGE,GENERAL,16442,9359,2,2012,UC,P,7476581.0,IRVINE
IRVINE,9320,TIERNEYH OUSE,CORE CAMPUS,IRVINE,ORANGE,RESIDENTIAL,10976,9275,1,2001,UP,P,3395080.0,IRVINE
IRVINE,9330,BERK HALL,CORE CAMPUS,IRVINE,ORANGE,HEALTH SCIENCE,19169,11539,2,1969,UC,P,1296742.0,IRVINE
IRVINE,9344,HUM GATEWAY,CORE CAMPUS,IRVINE,ORANGE,GENERAL,71331,45846,4,2009,UC,P,28027538.0,IRVINE
IRVINE,9357,ARROYO 1094,CORE CAMPUS,IRVINE,ORANGE,RESIDENTIAL,8529,6845,3,2004,UC,P,1064900.0,IRVINE
IRVINE,9368,ARROYOV 1018,CORE CAMPUS,IRVINE,ORANGE,RESIDENTIAL,5454,3462,2,1993,UC,P,683997.0,IRVINE
IRVINE,9378,ARROYOV 1038,CORE CAMPUS,IRVINE,ORANGE,RESIDENTIAL,5454,3462,2,1993,UC,P,683997.0,IRVINE
IRVINE,9388,ARROYOV 1064,CORE CAMPUS,IRVINE,ORANGE,RESIDENTIAL,8851,6206,3,1993,UC,P,794630.0,IRVINE
IRVINE,9401,RES APT 6 1B,CORE CAMPUS,IRVINE,ORANGE,RESIDENTIAL,10398,8018,2,1983,UC,P,324654.0,IRVINE
IRVINE,9411,RES APT 6 3D,CORE CAMPUS,IRVINE,ORANGE,RESIDENTIAL,8564,6388,2,1983,UC,P,318293.0,IRVINE
IRVINE,9421,RES APT 6 L4,CORE CAMPUS,IRVINE,ORANGE,RESIDENTIAL,298,258,1,1983,UC,P,880.0,IRVINE
IRVINE,9431,VERANO MAINT,CORE CAMPUS,IRVINE,ORANGE,RESIDENTIAL,4895,4407,1,2006,UC,P,759800.0,IRVINE
IRVINE,9442,RES APT6 11A,CORE CAMPUS,IRVINE,ORANGE,RESIDENTIAL,8160,6328,1,1983,UC,P,310006.0,IRVINE
IRVINE,9452,INF TOD CTR2,CORE CAMPUS,IRVINE,ORANGE,GENERAL,7132,5377,4,2012,UC,P,2704544.0,IRVINE
IRVINE,9511,MESA CIUDAD,CORE CAMPUS,IRVINE,ORANGE,RESIDENTIAL,11461,8238,2,1965,UC,P,1365244.0,IRVINE
IRVINE,9526,MESA NUBES,CORE CAMPUS,IRVINE,ORANGE,RESIDENTIAL,14446,9372,3,1970,UC,P,361213.0,IRVINE
IRVINE,9537,M E MISTY MT,CORE CAMPUS,IRVINE,ORANGE,RESIDENTIAL,10833,7341,4,1974,UC,P,1731442.0,IRVINE
IRVINE,9552,WOODH WW,CORE CAMPUS,IRVINE,ORANGE,RESIDENTIAL,27250,18139,3,1989,UC,P,1559277.0,IRVINE
IRVINE,9562,NORTHCA PE,CORE CAMPUS,IRVINE,ORANGE,RESIDENTIAL,1904,1418,1,1989,UC,P,58125.0,IRVINE
IRVINE,9581,L LOMAS 2006,CORE CAMPUS,IRVINE,ORANGE,RESIDENTIAL,4500,3900,2,1982,UC,P,1.0,IRVINE
IRVINE,9591,L LOMAS 2016,CORE CAMPUS,IRVINE,ORANGE,RESIDENTIAL,4500,3900,2,1982,UC,P,1.0,IRVINE
IRVINE,9618,RA5 APT 1029,CORE CAMPUS,IRVINE,ORANGE,RESIDENTIAL,7166,5484,2,1980,UC,P,0.0,IRVINE
IRVINE,9628,RA5 APT 1001,CORE CAMPUS,IRVINE,ORANGE,RESIDENTIAL,7166,5519,2,1980,UC,P,0.0,IRVINE
IRVINE,9638,RA5 APT 1039,CORE CAMPUS,IRVINE,ORANGE,RESIDENTIAL,7166,5484,2,1980,UC,P,0.0,IRVINE
IRVINE,9648,RA5 ALC HOUS,CORE CAMPUS,IRVINE,ORANGE,RESIDENTIAL,1906,1415,1,1980,UC,P,0.0,IRVINE
IRVINE,9658,VERANO L 203,CORE CAMPUS,IRVINE,ORANGE,RESIDENTIAL,908,696,1,1968,UC,P,0.0,IRVINE
IRVINE,9668,VERANO 1700,CORE CAMPUS,IRVINE,ORANGE,RESIDENTIAL,6528,4965,2,1968,UC,P,71390.0,IRVINE
IRVINE,9678,VERANO 2600,CORE CAMPUS,IRVINE,ORANGE,RESIDENTIAL,9549,7524,3,1969,UC,P,94446.0,IRVINE
IRVINE,9701A,MC BLDG 1A,CITY 1D0R1I VTEHE,ORANGE,ORANGE,HEALTH SCIENCE,94676,61781,6,1981,UC,P,25191980.0,IRVINE
IRVINE,9725,MC BLDG 25,CITY 1D0R1I VTEHE,ORANGE,ORANGE,HEALTH SCIENCE,36799,28018,3,1953,UP,P,4415651.0,IRVINE
IRVINE,9750,MC BLDG 50,CITY 1D0R1I VTEHE,ORANGE,ORANGE,HEALTH SCIENCE,4905,2850,1,1958,UP,P,137395.0,IRVINE
IRVINE,9773,MC BLDG 73,CITY D10R1I VTEHE,ORANGE,ORANGE,HEALTH SCIENCE,216733,0,6,1988,UC,P,1364970.0,IRVINE
LOS ANGELES,0632,UCMRCD DV IN,2U1N9K5NOWN,MERCED,MERCED,GENERAL,500,0,1,1960,UC,P,,LOS ANGELES
LOS ANGELES,4155,PARK WLSHR,WILSHIRE 3B7O4U2L EVA,LOS ANGELES,LOS ANGELES,RESIDENTIAL,24164,24164,16,1989,UP,P,69607.0,LOS ANGELES
LOS ANGELES,42018,ARWHD BRCRK,CREEK 8LA50N E,ARROWHE LAADKE,BERNARDI SNAON,RESIDENTIAL,3571,3100,1,1980,UF,P,1433301.0,LOS ANGELES
LOS ANGELES,4201J,ARWHD IRIS,WILLOW C85R0E EK,ARROWHE ALADKE,BERNARDI NSAON,RESIDENTIAL,3094,1961,1,1990,UC,P,173726.0,LOS ANGELES
LOS ANGELES,4201T,ARWHD REDWD,WILLOW 8C5R0E EK,ARROWHE LAADKE,BERNARDI SNAON,RESIDENTIAL,2801,2528,2,1985,UC,P,119915.0,LOS ANGELES
LOS ANGELES,4205A,SUNSETC YNREC,EASTON D11R1I VE,LOS ANGELES,LOS ANGELES,GENERAL,7013,4972,1,1965,UC,P,83710.0,LOS ANGELES
LOS ANGELES,4209,PARKG STR 8,WESTWOO D60 P2L AZA,LOS ANGELES,LOS ANGELES,GENERAL,991512,50512,4,1967,UC,P,10858330.0,LOS ANGELES
LOS ANGELES,4217,LA TENNIS CT,CHARLES E32. 5Y OUNG,LOS ANGELES,LOS ANGELES,GENERAL,60271,54351,5,1984,UC,P,469378.0,LOS ANGELES
LOS ANGELES,4228C,MOLECUL R SCI,CHARLES 6E0. 1Y OUNG,LOS ANGELES,LOS ANGELES,GENERAL,181497,100213,7,1993,UC,P,9659075.0,LOS ANGELES
LOS ANGELES,4242C,HITCH RS- C,NEVE D24R5I VDEE,LOS ANGELES,LOS ANGELES,RESIDENTIAL,25842,9198,3,1981,UC,P,3271.0,LOS ANGELES
LOS ANGELES,4257,NC ELEC DIST,ROYCE D55R0I VE,LOS ANGELES,LOS ANGELES,GENERAL,2900,0,1,1993,UC,P,,LOS ANGELES
LOS ANGELES,4271,BRADLEY HALL,CHARLES E34. 1Y OUNG,LOS ANGELES,LOS ANGELES,GENERAL,46907,32625,3,1997,UC,P,8031026.0,LOS ANGELES
LOS ANGELES,4286B,KEYSTON E B,KEYSTON E,LOS ANGELES,LOS ANGELES,RESIDENTIAL,79352,48064,6,1989,UP,P,781814.0,LOS ANGELES
LOS ANGELES,4297,FAC APTS- LEV,LEVERING A31V0E DNEU E,LOS ANGELES,LOS ANGELES,RESIDENTIAL,122390,63012,9,1983,UC,P,2959242.0,LOS ANGELES
LOS ANGELES,4302F,NW AUDITORM,NEVE DRIVE,LOS ANGELES,LOS ANGELES,RESIDENTIAL,10039,7653,1,1992,UC,P,1153211.0,LOS ANGELES
LOS ANGELES,4319,FRANZ HALL,PORTOLA P62L1A ZA,LOS ANGELES,LOS ANGELES,GENERAL,238166,124962,12,1940,UC,P,3281101.0,LOS ANGELES
LOS ANGELES,4332D,HEALTH SCI,CONTE 8A0V5E NUE,LOS ANGELES,LOS ANGELES,HEALTH SCIENCE,1199578,723438,12,1954,UC,P,11330687.0,LOS ANGELES
LOS ANGELES,4336,FACTOR,TIVERTON 4A0V4E NUE,LOS ANGELES,LOS ANGELES,HEALTH SCIENCE,200866,111637,17,1981,UC,P,4252235.0,LOS ANGELES
LOS ANGELES,4352,SYCAMOR E CT,WEYBURN T94E5R RACE,LOS ANGELES,LOS ANGELES,RESIDENTIAL,140526,89489,5,2004,UC,P,17099068.0,LOS ANGELES
LOS ANGELES,4365,WWSUNSE T,WESTWOO 5D5 P5L AZA,LOS ANGELES,LOS ANGELES,GENERAL,100,94,1,1988,UC,R,0.0,LOS ANGELES
LOS ANGELES,4378,MAGNOLIA CT,WEYBURN T43E0R RACE,LOS ANGELES,LOS ANGELES,RESIDENTIAL,131987,77173,5,2004,UC,P,13558381.0,LOS ANGELES
LOS ANGELES,4401B,CYCLOTR N ADD,WESTWOO D61 P1L AZA,LOS ANGELES,LOS ANGELES,HEALTH SCIENCE,1614,1041,1,1990,UC,P,668792.0,LOS ANGELES
LOS ANGELES,4452,CLARK LIB SF,CIMARRON 2S5T2R0E ET,LOS ANGELES,LOS ANGELES,GENERAL,1838,1107,2,1990,UC,P,531281.0,LOS ANGELES
LOS ANGELES,4469,GAYLEY TWRS,GAYLEY 1A0V4E7N5UE,LOS ANGELES,LOS ANGELES,RESIDENTIAL,57798,30047,6,1981,UC,P,1128761.0,LOS ANGELES
LOS ANGELES,4505B,AQ BHSE SHED,14001 FIJI 1W1A0Y75,MARINA DEL REY,LOS ANGELES,GENERAL,66,61,1,1989,UP,P,,LOS ANGELES
LOS ANGELES,4579,PUB AFFAIRS,CHARLES E31. 5Y OUNG,LOS ANGELES,LOS ANGELES,GENERAL,205472,128502,7,1958,UC,P,6191906.0,LOS ANGELES
LOS ANGELES,4594,REHAB CENTER,VETERAN 1A0V8E8N6U LE,LOS ANGELES,LOS ANGELES,HEALTH SCIENCE,148087,72638,4,1965,UC,P,3662837.0,LOS ANGELES
LOS ANGELES,4902,SPROUL COVE,NEVE D34R5I VDEE,LOS ANGELES,LOS ANGELES,RESIDENTIAL,110355,89091,10,2010,UC,P,126709880.0,LOS ANGELES
LOS ANGELES,4916,720 HILGARD,720 H10IL7G45A RD,LOS ANGELES,LOS ANGELES,RESIDENTIAL,44680,18293,4,2010,UC,P,,LOS ANGELES
LOS ANGELES,510M,SMH CENTRAL,1250 16TH S11T0R EET,SANTA MONICA,LOS ANGELES,HEALTH SCIENCE,99805,36995,5,2012,UC,P,,LOS ANGELES
LOS ANGELES,5204,UN VILL GRG2,SEPULVED A32 33,LOS ANGELES,LOS ANGELES,RESIDENTIAL,26565,0,1,1996,UC,P,956950.0,LOS ANGELES
LOS ANGELES,520E,UN VILL 3140,SAWTELLE 3B1O5U0L EVA,LOS ANGELES,LOS ANGELES,RESIDENTIAL,27507,19285,3,1995,UC,P,732207.0,LOS ANGELES
LOS ANGELES,520O,UN VILL 3151,SEPULVED 3A2 34,LOS ANGELES,LOS ANGELES,RESIDENTIAL,27508,16811,3,1996,UC,P,731147.0,LOS ANGELES
LOS ANGELES,520Y,UN VILL 3175,SEPULVED 3A1 65,LOS ANGELES,LOS ANGELES,RESIDENTIAL,27507,19285,3,1996,UC,P,732207.0,LOS ANGELES
LOS ANGELES,521J,UN VILL 3300,SAWTELLE B33O1U0L EVA,LOS ANGELES,LOS ANGELES,RESIDENTIAL,35000,32880,3,2003,UC,P,2689803.0,LOS ANGELES
MERCED,0205,RECWELL NESS,NORTH LAKE,MERCED,MERCED,RESIDENTIAL,35313,29357,2,2005,UC,P,9518067.0,MERCED
MERCED,210,TELECOM M,CORE 5C2A0M0PUS,MERCED,MERCED,GENERAL,4366,268,1,2005,UC,P,2338771.0,MERCED
MERCED,221,FRESNOH ALL,NORTH L5A20K0E,MERCED,MERCED,RESIDENTIAL,7694,6719,2,2005,UC,P,908435.0,MERCED
RIVERSIDE,P5001,CC BLAIN 710,CORE CAMPUS,RIVERSIDE,RIVERSIDE,RESIDENTIAL,1340,971,1,1941,UF,P,1055.0,RIVERSIDE
RIVERSIDE,P5011,CC BLAIN 876,CORE CAMPUS,RIVERSIDE,RIVERSIDE,RESIDENTIAL,1340,1250,1,1941,UF,P,0.0,RIVERSIDE
RIVERSIDE,P5021,CC GRAPE 813,CORE CAMPUS,RIVERSIDE,RIVERSIDE,RESIDENTIAL,1340,1250,1,1941,UF,P,0.0,RIVERSIDE
RIVERSIDE,P5031,CC GRAPE 860,CORE CAMPUS,RIVERSIDE,RIVERSIDE,RESIDENTIAL,672,620,1,1941,UF,P,0.0,RIVERSIDE
RIVERSIDE,P5041,CC PEACH 878,CORE CAMPUS,RIVERSIDE,RIVERSIDE,RESIDENTIAL,1340,1250,1,1941,UF,P,0.0,RIVERSIDE
RIVERSIDE,P5051,CC PLUM 870,CORE CAMPUS,RIVERSIDE,RIVERSIDE,RESIDENTIAL,672,620,1,1941,UF,P,7220.0,RIVERSIDE
RIVERSIDE,P5061,CC KENT 3481,CORE CAMPUS,RIVERSIDE,RIVERSIDE,RESIDENTIAL,672,620,1,1941,UF,P,0.0,RIVERSIDE
RIVERSIDE,P5071,CC FLOR 3403,CORE CAMPUS,RIVERSIDE,RIVERSIDE,RESIDENTIAL,672,620,1,1941,UF,P,8275.0,RIVERSIDE
RIVERSIDE,P5081,CC FLOR 3458,CORE CAMPUS,RIVERSIDE,RIVERSIDE,RESIDENTIAL,1340,1250,1,1941,UF,P,7220.0,RIVERSIDE
RIVERSIDE,P5091,CC IDAH 3334,CORE CAMPUS,RIVERSIDE,RIVERSIDE,RESIDENTIAL,672,620,1,1941,UF,P,0.0,RIVERSIDE
RIVERSIDE,P5101,CC IDAH 3392,CORE CAMPUS,RIVERSIDE,RIVERSIDE,RESIDENTIAL,672,620,1,1941,UF,P,0.0,RIVERSIDE
RIVERSIDE,P5111,CC UTAH 3363,CORE CAMPUS,RIVERSIDE,RIVERSIDE,RESIDENTIAL,672,620,1,1941,UF,P,1055.0,RIVERSIDE
RIVERSIDE,P5121,CC UTAH 3318,CORE CAMPUS,RIVERSIDE,RIVERSIDE,RESIDENTIAL,672,620,1,1941,UF,P,0.0,RIVERSIDE
RIVERSIDE,P5131,CC UTAH 3354,CORE CAMPUS,RIVERSIDE,RIVERSIDE,RESIDENTIAL,1340,1250,1,1941,UF,P,8275.0,RIVERSIDE
RIVERSIDE,P5141,CC UTAH 3396,CORE CAMPUS,RIVERSIDE,RIVERSIDE,RESIDENTIAL,1340,1250,1,1941,UF,P,0.0,RIVERSIDE
RIVERSIDE,P5151,CC AVOC 3471,CORE CAMPUS,RIVERSIDE,RIVERSIDE,RESIDENTIAL,1340,1250,1,1941,UF,P,0.0,RIVERSIDE
RIVERSIDE,P5161,CC AVOC 3428,CORE CAMPUS,RIVERSIDE,RIVERSIDE,RESIDENTIAL,1340,1250,1,1941,UF,P,12.0,RIVERSIDE
RIVERSIDE,P5171,CC AVOC 3478,CORE CAMPUS,RIVERSIDE,RIVERSIDE,RESIDENTIAL,1608,1500,1,1941,UF,P,7220.0,RIVERSIDE
RIVERSIDE,P5181,CC LIND 753,CORE CAMPUS,RIVERSIDE,RIVERSIDE,RESIDENTIAL,1608,1500,1,1941,UF,P,0.0,RIVERSIDE
RIVERSIDE,P5192,EAST I&Q GH,CORE CAMPUS,RIVERSIDE,RIVERSIDE,GENERAL,660,600,1,2001,UC,P,,RIVERSIDE
RIVERSIDE,P5215,CHAPMAN,CORE CAMPUS,RIVERSIDE,RIVERSIDE,GENERAL,13002,7934,2,1931,UC,P,0.0,RIVERSIDE
RIVERSIDE,P5242,LATH 1,CORE CAMPUS,RIVERSIDE,RIVERSIDE,GENERAL,1223,200,1,1958,UC,P,0.0,RIVERSIDE
RIVERSIDE,P5263,UNIV LAB BLD,CORE CAMPUS,RIVERSIDE,RIVERSIDE,GENERAL,13432,8232,2,1994,UC,P,1142126.0,RIVERSIDE
RIVERSIDE,P5274,GAR C1,CORE CAMPUS,RIVERSIDE,RIVERSIDE,GENERAL,290,280,2,1924,UC,P,25829.0,RIVERSIDE
RIVERSIDE,P5285,TICKET BOOTH,CORE CAMPUS,RIVERSIDE,RIVERSIDE,GENERAL,1339,158,1,1977,UC,P,0.0,RIVERSIDE
RIVERSIDE,P5296,GH 16 09,CORE CAMPUS,RIVERSIDE,RIVERSIDE,GENERAL,2880,2817,1,1979,UC,P,0.0,RIVERSIDE
RIVERSIDE,P5310,LCKRM/CO NC,CORE CAMPUS,RIVERSIDE,RIVERSIDE,GENERAL,4327,3083,2,1988,UC,P,50661.0,RIVERSIDE
RIVERSIDE,P5325,ANDERSO N 1,CORE CAMPUS,RIVERSIDE,RIVERSIDE,GENERAL,27915,12907,3,1917,UC,P,523839.0,RIVERSIDE
RIVERSIDE,P5338,GH 16 24C,CORE CAMPUS,RIVERSIDE,RIVERSIDE,GENERAL,112,100,1,1986,UC,P,0.0,RIVERSIDE
RIVERSIDE,P5348,WHSE 2,CORE CAMPUS,RIVERSIDE,RIVERSIDE,GENERAL,4000,3951,1,1951,UC,P,0.0,RIVERSIDE
RIVERSIDE,P5359,SUPERINT GAR,CORE C53A6M0PUS,RIVERSIDE,RIVERSIDE,RESIDENTIAL,344,300,1,1916,UC,P,0.0,RIVERSIDE
RIVERSIDE,P5373,PSYCHOL OGY1,CORE CAMPUS,RIVERSIDE,RIVERSIDE,GENERAL,67771,35644,3,2008,UC,P,25812490.0,RIVERSIDE
RIVERSIDE,P5385,T BIOMED1,CORE CAMPUS,RIVERSIDE,RIVERSIDE,GENERAL,2160,1890,1,1996,UP,R,47110.0,RIVERSIDE
RIVERSIDE,P5400,PARKING T3,CORE CAMPUS,RIVERSIDE,RIVERSIDE,GENERAL,192,171,1,1990,UP,R,,RIVERSIDE
RIVERSIDE,P5412,GH 16-55 ENT,CORE CAMPUS,RIVERSIDE,RIVERSIDE,GENERAL,2284,2016,1,2002,UC,P,124625.0,RIVERSIDE
RIVERSIDE,P5422,GH5,CORE CAMPUS,RIVERSIDE,RIVERSIDE,GENERAL,233,208,1,1956,UC,P,202318.0,RIVERSIDE
RIVERSIDE,P5436,EHS STOR 2,CORE CAMPUS,RIVERSIDE,RIVERSIDE,GENERAL,504,504,1,2000,UP,R,,RIVERSIDE
RIVERSIDE,P5446,POLICE TRLR,CORE CAMPUS,RIVERSIDE,RIVERSIDE,GENERAL,320,270,1,2000,UP,R,,RIVERSIDE
RIVERSIDE,P5463,GAR SS,CORE CAMPUS,RIVERSIDE,RIVERSIDE,GENERAL,1605,1332,1,1924,UC,P,0.0,RIVERSIDE
RIVERSIDE,P5473,GLEN MOR D,CORE CAMPUS,RIVERSIDE,RIVERSIDE,RESIDENTIAL,56631,39905,4,2007,UC,P,11130550.0,RIVERSIDE
RIVERSIDE,P5484,CORP CAR SHD,CORE CAMPUS,RIVERSIDE,RIVERSIDE,GENERAL,1944,3852,1,1959,UC,P,4346.0,RIVERSIDE
RIVERSIDE,P5495,HEALTH SERV,CORE CAMPUS,RIVERSIDE,RIVERSIDE,GENERAL,23363,13901,2,1961,UC,P,179140.0,RIVERSIDE
RIVERSIDE,P5505,GEODESIC DM,CORE CAMPUS,RIVERSIDE,RIVERSIDE,GENERAL,1705,1597,1,1986,UC,P,744.0,RIVERSIDE
RIVERSIDE,P5517,COLL BLDG NO,CORE CAMPUS,RIVERSIDE,RIVERSIDE,GENERAL,10096,6610,3,1963,UC,P,9536.0,RIVERSIDE
RIVERSIDE,P5527,GH 16 52,CORE CAMPUS,RIVERSIDE,RIVERSIDE,GENERAL,496,406,1,1999,UC,P,,RIVERSIDE
RIVERSIDE,P5540,GH PLASTC 01,CORE CAMPUS,RIVERSIDE,RIVERSIDE,GENERAL,1152,1085,1,1933,UC,P,0.0,RIVERSIDE
RIVERSIDE,P5550,GH 51,CORE CAMPUS,RIVERSIDE,RIVERSIDE,GENERAL,522,455,1,1965,UF,P,0.0,RIVERSIDE
RIVERSIDE,P5567,GH 16 20,CORE CAMPUS,RIVERSIDE,RIVERSIDE,GENERAL,557,467,1,1970,UC,P,0.0,RIVERSIDE
RIVERSIDE,P5585,GH PLASTC 13,CORE CAMPUS,RIVERSIDE,RIVERSIDE,GENERAL,152,136,1,1974,UC,P,0.0,RIVERSIDE
RIVERSIDE,P5595,BANNOCK F,CORE CAMPUS,RIVERSIDE,RIVERSIDE,RESIDENTIAL,8694,7044,3,1970,UP,P,5287.0,RIVERSIDE
RIVERSIDE,P5605,BANNOCK P,CORE CAMPUS,RIVERSIDE,RIVERSIDE,RESIDENTIAL,4329,3600,3,1970,UP,P,16116.0,RIVERSIDE
RIVERSIDE,P5621,5037 MONACHE,MONACHE L5L0O45 L ANE,RIVERSIDE,RIVERSIDE,RESIDENTIAL,2844,2844,2,2009,UP,P,295769.0,RIVERSIDE
RIVERSIDE,P5632,5141 PIXIE,5141 PIXIE WAY,RIVERSIDE,RIVERSIDE,RESIDENTIAL,1840,1840,2,2009,UP,P,188393.0,RIVERSIDE
RIVERSIDE,P5643,PENTLAND L,CORE CAMPUS,RIVERSIDE,RIVERSIDE,RESIDENTIAL,21795,14335,3,2002,UC,P,2274694.0,RIVERSIDE
RIVERSIDE,P5653,5124 PIXIE,5124 PIXIE WAY,RIVERSIDE,RIVERSIDE,RESIDENTIAL,1840,1840,2,2009,UP,P,186825.0,RIVERSIDE
RIVERSIDE,P5664,OBAN APTS D,LINDEN S95T0R WEETST,RIVERSIDE,RIVERSIDE,RESIDENTIAL,7232,7232,2,1985,UP,P,1275428.0,RIVERSIDE
RIVERSIDE,P5674,FALKIRK 4,CANYON C34R2E9S T,RIVERSIDE,RIVERSIDE,RESIDENTIAL,11065,9922,2,1985,UP,P,1285956.0,RIVERSIDE
RIVERSIDE,P5684,FALKIRK 14,CANYON 3C4R2E9S T,RIVERSIDE,RIVERSIDE,RESIDENTIAL,11016,4142,2,1985,UP,P,554936.0,RIVERSIDE
RIVERSIDE,P5694,FALKIRK MOD,CANYON CREST,RIVERSIDE,RIVERSIDE,RESIDENTIAL,337,278,1,1985,UP,P,55869.0,RIVERSIDE
RIVERSIDE,P5712,RUBIDOUX SCR,GLENWOO D45 D01R IVE,RIVERSIDE,RIVERSIDE,GENERAL,9321,7900,1,1956,UC,P,0.0,RIVERSIDE
RIVERSIDE,P5722,UCR EXTEN CT,UNIVERSIT Y AVE,RIVERSIDE,RIVERSIDE,GENERAL,196641,92011,5,1968,UP,P,2992844.0,RIVERSIDE
RIVERSIDE,P5733,GM ALLAN LAB,MOUNTAIN SG RANITE,KELSO,BERNARDI SNAON,GENERAL,1400,1190,1,1993,UC,P,0.0,RIVERSIDE
RIVERSIDE,P5744,GR MT ICEHSE,MOUNTAIN GS RANITE,KELSO,BERNARDI SNAON,GENERAL,220,200,1,1920,UF,P,,RIVERSIDE
RIVERSIDE,P5755,MOTTE SHED 3,RIMROCK R38E3S4E MRAVIEN,PERRIS,RIVERSIDE,GENERAL,125,100,1,1999,UP,P,,RIVERSIDE
RIVERSIDE,P5789,DC AGARE,DEEP GCARNAYNOITNE,PALM DESERT,SRAIVNE RSIDE,GENERAL,400,320,1,1999,UC,P,,RIVERSIDE
RIVERSIDE,P5810,JR CABIN A,SAN 1JA20C0INTO,IDYLLWILD,RIVERSIDE,RESIDENTIAL,567,567,1,2012,UP,R,118109.0,RIVERSIDE
SAN DIEGO,6108,NO FLD RESTR,CORE CAMPUS,LA JOLLA,SAN DIEGO,GENERAL,1111,340,1,1989,UC,P,33137.0,SAN DIEGO
SAN DIEGO,6128,ATHL REC CTR,CORE CAMPUS,LA JOLLA,SAN DIEGO,GENERAL,2742,1793,1,1982,UC,I,5817.0,SAN DIEGO
SAN DIEGO,6144,HIGH BAY PHY,CORE CAMPUS,LA JOLLA,SAN DIEGO,GENERAL,12213,11310,1,1990,UC,P,1402780.0,SAN DIEGO
SAN DIEGO,6157,PERLMAN HOSP,CORE CAMPUS,LA JOLLA,SAN DIEGO,HEALTH SCIENCE,57027,32607,3,1993,UC,P,4004615.0,SAN DIEGO
SAN DIEGO,6169,EXPANSO N,CORE CAMPUS,LA JOLLA,SAN DIEGO,HEALTH SCIENCE,7077,4865,1,1988,UC,P,42223.0,SAN DIEGO
SAN DIEGO,6182,DANCE STUDIO,CORE CAMPUS,LA JOLLA,SAN DIEGO,GENERAL,14677,9643,1,1997,UC,P,1413023.0,SAN DIEGO
SAN DIEGO,6195,109,CORE CAMPUS,LA JOLLA,SAN DIEGO,GENERAL,1631,1047,1,1966,UC,I,125304.0,SAN DIEGO
SAN DIEGO,6209,NORPAX TR 2,CORE CAMPUS,LA JOLLA,SAN DIEGO,GENERAL,1369,1250,1,1979,UC,I,0.0,SAN DIEGO
SAN DIEGO,6233,T 29,CORE CAMPUS,LA JOLLA,SAN DIEGO,GENERAL,1200,932,1,1915,UC,I,140315.0,SAN DIEGO
SAN DIEGO,6249,OLD DIR HBFOSU,SIO,LA JOLLA,SAN DIEGO,GENERAL,3235,2526,2,1915,UC,I,0.0,SAN DIEGO
SAN DIEGO,6260,CAMP SERV B,CORE CAMPUS,LA JOLLA,SAN DIEGO,GENERAL,14187,9540,1,1991,UC,P,734551.0,SAN DIEGO
SAN DIEGO,6277,T 41,CORE CAMPUS,LA JOLLA,SAN DIEGO,GENERAL,1630,1479,1,1950,UF,I,7008.0,SAN DIEGO
SAN DIEGO,6301,ECEC SOUTH 1,CORE CAMPUS,LA JOLLA,SAN DIEGO,GENERAL,5695,3829,1,1991,UC,P,270363.0,SAN DIEGO
SAN DIEGO,6314,BATES HALL,CORE CAMPUS,LA JOLLA,SAN DIEGO,RESIDENTIAL,42503,30572,5,1993,UC,P,1612601.0,SAN DIEGO
SAN DIEGO,6326,INST AM OFC,CORE CAMPUS,LA JOLLA,SAN DIEGO,GENERAL,6688,4331,1,1994,UC,P,367863.0,SAN DIEGO
SAN DIEGO,6338,CCS BLDG,SIO,LA JOLLA,SAN DIEGO,GENERAL,11517,7699,2,1962,UC,P,45913.0,SAN DIEGO
SAN DIEGO,6349,9350 REDWOOD,CORE CAMPUS,LA JOLLA,SAN DIEGO,RESIDENTIAL,1590,1038,1,1962,UC,P,27258.0,SAN DIEGO
SAN DIEGO,6359,HYDRO LAB,CORE CAMPUS,LA JOLLA,SAN DIEGO,GENERAL,20720,15893,3,1964,UC,P,3107.0,SAN DIEGO
SAN DIEGO,6371,7835 TRADE,7835 TRADE,SAN DIEGO,SAN DIEGO,GENERAL,183695,177162,1,1988,UP,P,2417736.0,SAN DIEGO
SAN DIEGO,6405,CENTER HALL,CORE CAMPUS,LA JOLLA,SAN DIEGO,GENERAL,70303,38110,4,1995,UC,P,2830969.0,SAN DIEGO
SAN DIEGO,6446,MARFAC ELECT,ROSECRA NS,SAN DIEGO,SAN DIEGO,GENERAL,4229,3918,1,1980,UC,P,53170.0,SAN DIEGO
SAN DIEGO,6457,ERCRH OCEANI,CORE CAMPUS,LA JOLLA,SAN DIEGO,RESIDENTIAL,6575,5744,2,1967,UC,P,0.0,SAN DIEGO
SAN DIEGO,6468,3843 MESA,CORE CAMPUS,LA JOLLA,SAN DIEGO,RESIDENTIAL,6461,5308,2,1969,UC,P,0.0,SAN DIEGO
SAN DIEGO,6478,3919 MESA,CORE CAMPUS,LA JOLLA,SAN DIEGO,RESIDENTIAL,6409,5308,2,1969,UC,P,0.0,SAN DIEGO
SAN DIEGO,6488,3999 MESA,CORE CAMPUS,LA JOLLA,SAN DIEGO,RESIDENTIAL,3607,2223,1,1969,UC,P,0.0,SAN DIEGO
SAN DIEGO,6498,SOUTH MESA,CORE CAMPUS,LA JOLLA,SAN DIEGO,RESIDENTIAL,1744,929,1,1981,UC,P,22399.0,SAN DIEGO
SAN DIEGO,6508,RCRH BLAKE,CORE CAMPUS,LA JOLLA,SAN DIEGO,RESIDENTIAL,37912,26443,4,1968,UC,P,6793745.0,SAN DIEGO
SAN DIEGO,6527,LJ SOL 3367,3367 LEJ BSONL,SAN DIEGO,SAN DIEGO,RESIDENTIAL,12790,7298,3,1986,UP,P,112268.0,SAN DIEGO
SAN DIEGO,6537,LJ SOL 8006,8006 LEBON,SAN DIEGO,SAN DIEGO,RESIDENTIAL,12587,7426,3,1986,UP,P,115184.0,SAN DIEGO
SAN DIEGO,6549,ELEC SHOP,CORE CAMPUS,LA JOLLA,SAN DIEGO,GENERAL,9631,8381,2,2001,UC,P,466857.0,SAN DIEGO
SAN DIEGO,6581,LJ SOL 8018,8018 LJE BSONL,SAN DIEGO,SAN DIEGO,RESIDENTIAL,12790,7298,3,1986,UP,P,112268.0,SAN DIEGO
SAN DIEGO,6591,LJ SOL 8126,8126 LEJ BSONL,SAN DIEGO,SAN DIEGO,RESIDENTIAL,12587,7426,3,1986,UP,P,115184.0,SAN DIEGO
SAN DIEGO,6602,MCGILL BLDG,CORE CAMPUS,LA JOLLA,SAN DIEGO,GENERAL,84920,43007,6,1970,UC,P,815138.0,SAN DIEGO
SAN DIEGO,6612,COG SCI BLDG,CORE CAMPUS,LA JOLLA,SAN DIEGO,GENERAL,53619,30800,2,1976,UC,P,361636.0,SAN DIEGO
SAN DIEGO,6625,LJ SOL 8186,8186 LEJ BSONL,SAN DIEGO,SAN DIEGO,RESIDENTIAL,12597,6510,3,1986,UP,P,108200.0,SAN DIEGO
SAN DIEGO,6636,SIO TRAILER,CORE CAMPUS,LA JOLLA,SAN DIEGO,GENERAL,100,90,1,1965,UC,P,897.0,SAN DIEGO
SAN DIEGO,6647,UNEX K,CORE CAMPUS,LA JOLLA,SAN DIEGO,GENERAL,3636,3378,1,1984,UC,I,13711.0,SAN DIEGO
SAN DIEGO,6668,PHARM SRCETI,CORE CAMPUS,LA JOLLA,SAN DIEGO,HEALTH SCIENCE,123409,69463,5,2005,UC,P,38998284.0,SAN DIEGO
SAN DIEGO,6698,JSOE ADMIN,CORE CAMPUS,LA JOLLA,SAN DIEGO,GENERAL,4369,2892,1,2001,UC,P,216303.0,SAN DIEGO
SAN DIEGO,6716,EM CONT MAR2,CORE CAMPUS,LA JOLLA,SAN DIEGO,GENERAL,42,40,1,1994,UC,P,509.0,SAN DIEGO
SAN DIEGO,6758,IVY,CORE CAMPUS,LA JOLLA,SAN DIEGO,HEALTH SCIENCE,2128,1839,1,2002,UP,R,156060.0,SAN DIEGO
SAN DIEGO,6782,KECK OAR 2,CORE CAMPUS,LA JOLLA,SAN DIEGO,GENERAL,11524,6316,3,2000,UC,P,1652452.0,SAN DIEGO
SAN DIEGO,6810,ECON BLDG,CORE CAMPUS,LA JOLLA,SAN DIEGO,GENERAL,24193,12453,3,1979,UC,P,86233.0,SAN DIEGO
SAN DIEGO,6833,RES SUPT C,CORE CAMPUS,LA JOLLA,SAN DIEGO,GENERAL,7823,5719,1,2013,UC,P,,SAN DIEGO
SAN DIEGO,6917,UH POWR PLNT,CORE MED CTR,SAN DIEGO,SAN DIEGO,HEALTH SCIENCE,19586,14256,1,1959,UP,I,22085852.0,SAN DIEGO
SAN DIEGO,6970,UNEX C EXP,CORE CAMPUS,LA JOLLA,SAN DIEGO,GENERAL,622,459,1,2005,UC,I,,SAN DIEGO
SAN DIEGO,6989,UH 132 DICK,DICKINSO UN HS T1R35E ET,SAN DIEGO,SAN DIEGO,HEALTH SCIENCE,1510,1133,1,1993,UC,I,28933.0,SAN DIEGO
SAN DIEGO,7006,ASIA,CORE CAMPUS,LA JOLLA,SAN DIEGO,RESIDENTIAL,22330,17828,4,2003,UC,P,2741698.0,SAN DIEGO
SAN DIEGO,7016,ERC LAUNDRY,CORE CAMPUS,LA JOLLA,SAN DIEGO,RESIDENTIAL,3837,2131,1,2003,UC,P,456930.0,SAN DIEGO
SAN DIEGO,7028,STRAIN B,A9 PAORMCEERLA D,SAN DIEGO,SAN DIEGO,GENERAL,378,324,1,2006,UC,P,,SAN DIEGO
SAN DIEGO,7044,ECGH 4,CORE CAMPUS,LA JOLLA,SAN DIEGO,RESIDENTIAL,114882,81642,5,2007,UC,P,14190042.0,SAN DIEGO
SAN DIEGO,7059,CEC EXP,CORE CAMPUS,LA JOLLA,SAN DIEGO,HEALTH SCIENCE,1574,1008,1,2007,UC,P,,SAN DIEGO
SAN DIEGO,7078,BIRCH EDTR,CORE CAMPUS,LA JOLLA,SAN DIEGO,GENERAL,506,449,1,1992,UC,I,,SAN DIEGO
SAN DIEGO,7099,RAD ONC,CORE CAMPUS,LA JOLLA,SAN DIEGO,HEALTH SCIENCE,15998,9326,1,2009,UC,P,73370.0,SAN DIEGO
SAN DIEGO,7109,6TH APTS1000,CORE CAMPUS,LA JOLLA,SAN DIEGO,RESIDENTIAL,11089,8539,3,1988,UC,P,,SAN DIEGO
SAN DIEGO,7119,6TH LAUND S,CORE CAMPUS,LA JOLLA,SAN DIEGO,RESIDENTIAL,3544,2987,2,1988,UC,P,,SAN DIEGO
SAN DIEGO,7129,MARSH C,CORE CAMPUS,LA JOLLA,SAN DIEGO,RESIDENTIAL,9170,1107,2,1975,UC,P,0.0,SAN DIEGO
SAN DIEGO,7141,MARSH O,CORE CAMPUS,LA JOLLA,SAN DIEGO,RESIDENTIAL,15991,12150,5,1988,UC,P,940250.0,SAN DIEGO
SAN DIEGO,7151,SHOUSE S,CORE CAMPUS,LA JOLLA,SAN DIEGO,RESIDENTIAL,9242,7395,5,1971,UC,P,,SAN DIEGO
SAN DIEGO,7161,9226 MESA,CORE CAMPUS,LA JOLLA,SAN DIEGO,RESIDENTIAL,11601,9888,2,1975,UC,P,,SAN DIEGO
SAN DIEGO,7171,9248 MESA,CORE CAMPUS,LA JOLLA,SAN DIEGO,RESIDENTIAL,7754,6592,2,1975,UC,P,,SAN DIEGO
SAN DIEGO,7181,9268 MESA,CORE CAMPUS,LA JOLLA,SAN DIEGO,RESIDENTIAL,7771,6592,2,1975,UC,P,,SAN DIEGO
SAN DIEGO,7191,9142S MESA,CORE CAMPUS,LA JOLLA,SAN DIEGO,RESIDENTIAL,9446,8008,2,1981,UC,P,,SAN DIEGO
SAN DIEGO,7201,9176S MESA,CORE CAMPUS,LA JOLLA,SAN DIEGO,RESIDENTIAL,14261,12004,2,1981,UC,P,,SAN DIEGO
SAN DIEGO,7211,3775WEST MESA,CORE CAMPUS,LA JOLLA,SAN DIEGO,RESIDENTIAL,11916,10002,2,1981,UC,P,,SAN DIEGO
SAN DIEGO,7225,NCHOUSIN G1-5,CORE CAMPUS,LA JOLLA,SAN DIEGO,RESIDENTIAL,11993,9530,1,2009,UC,P,4464816.0,SAN DIEGO
SAN DIEGO,7251,TELEMEDI CINE,CORE CAMPUS,LA JOLLA,SAN DIEGO,HEALTH SCIENCE,103505,56105,4,2011,UC,P,52591884.0,SAN DIEGO
SAN DIEGO,7266,NCHOUSIN G2-6,CORE CAMPUS,LA JOLLA,SAN DIEGO,RESIDENTIAL,10199,6069,2,2011,UC,P,2676120.0,SAN DIEGO
SAN DIEGO,7284,304 ARBOR,CORE MED CTR,SAN DIEGO,SAN DIEGO,GENERAL,2370,1797,1,2010,UP,R,,SAN DIEGO
SAN DIEGO,7700,PREUSS F,CORE CAMPUS,LA JOLLA,SAN DIEGO,GENERAL,27927,19858,2,2000,UC,P,3000775.0,SAN DIEGO
FRANCISC SOAN,2018,MTZ BLDG A,DIVISADER O16 S00T,FRANCISC SOAN,FRANCISC OSAN,HEALTH SCIENCE,118800,71702,8,1949,UF,P,28316092.0,SAN FRANCISCO
FRANCISC SOAN,2030,1482 5TH AVE,1482 5TH 2A3V5E6,FRANCISC OSAN,FRANCISC OSAN,RESIDENTIAL,2756,2363,3,1922,UP,P,135883.0,SAN FRANCISCO
FRANCISC SOAN,2054,1464 5TH AVE,1464 5TH AVE,FRANCISC OSAN,FRANCISC SOAN,RESIDENTIAL,3246,2784,3,1911,UP,P,159531.0,SAN FRANCISCO
FRANCISC SOAN,2213,AMMONIA F,CENTER W10A0Y,FRANCISC OSAN,FRANCISC SOAN,HEALTH SCIENCE,790,10,1,1997,UP,P,189016.0,SAN FRANCISCO
FRANCISC OSAN,2271,1338 3RD AVE,1338 3RD AVE,FRANCISC OSAN,FRANCISC OSAN,RESIDENTIAL,4305,3749,3,1913,UP,P,22005.0,SAN FRANCISCO
FRANCISC OSAN,2293,LPPI OPC,PARNASS US AVE,FRANCISC OSAN,FRANCISC OSAN,HEALTH SCIENCE,2723,1794,1,1979,UC,P,134938.0,SAN FRANCISCO
FRANCISC SOAN,2410,NURSING,2 KORET W70A7Y,FRANCISC SOAN,FRANCISC OSAN,HEALTH SCIENCE,89693,53268,7,1972,UC,P,1900609.0,SAN FRANCISCO
FRANCISC OSAN,3000,PSSRB,MEDICAL 1C5E5N0T ER,FRANCISC OSAN,FRANCISC OSAN,HEALTH SCIENCE,89454,59335,1,2005,UC,P,36685136.0,SAN FRANCISCO
FRANCISC O,3013,145 IRVING,145 IRVING ST,FRANCISC O,FRANCISC O,RESIDENTIAL,17838,12545,5,2006,UC,P,5181803.0,SAN FRANCISCO
FRANCISC SOAN,3029,FRESNO MERC,FRESNO ST,FSRAENSNO,SFRAENSNO,HEALTH SCIENCE,87701,55343,4,2005,UC,P,17110850.0,SAN FRANCISCO
FRANCISC SOAN,3041,MB PARK KIOS,1650 3RD S65T4,FRANCISC OSAN,FRANCISC SOAN,HEALTH SCIENCE,22,20,1,2004,UC,I,,SAN FRANCISCO
SANTA BARBARA,8205,FILTER,CORE CAMPUS,SANTA BARBARA,SANTA BARBARA,GENERAL,4118,0,1,2001,UC,P,,SANTA BARBARA
SANTA BARBARA,8254,PARKING III,CORE CAMPUS,SANTA BARBARA,SANTA BARBARA,GENERAL,348539,0,7,2007,UC,P,19054488.0,SANTA BARBARA
SANTA BARBARA,8324,BIKE SHOP,CORE CAMPUS,SANTA BARBARA,SANTA BARBARA,GENERAL,1200,1078,1,2010,UP,R,341379.0,SANTA BARBARA
SANTA BARBARA,8347,FM STOR 347,CORE CAMPUS,SANTA BARBARA,SANTA BARBARA,GENERAL,319,302,1,1984,UP,R,,SANTA BARBARA
SANTA BARBARA,8358,WST LSV STBL,STORKE RSODUTH,GOLETA,SANTA BARBARA,GENERAL,5168,4906,1,1921,UF,O,,SANTA BARBARA
SANTA BARBARA,8371,FM TLR 371,CORE CAMPUS,SANTA BARBARA,SANTA BARBARA,GENERAL,3051,2637,1,1978,UP,R,0.0,SANTA BARBARA
SANTA BARBARA,8387,MOD CLASSRM,CORE CAMPUS,SANTA BARBARA,SANTA BARBARA,GENERAL,3368,2640,1,1998,UP,I,148893.0,SANTA BARBARA
SANTA BARBARA,8399,SCI FAC NO 9,CRUZ ISLAND,SANTA BARBARA,SANTA BARBARA,GENERAL,192,174,1,1983,UP,R,,SANTA BARBARA
SANTA BARBARA,8439,FM BLDG 439,CORE CAMPUS,SANTA BARBARA,SANTA BARBARA,GENERAL,6280,5362,1,1943,UF,I,80812.0,SANTA BARBARA
SANTA BARBARA,8501,ARBOR,CORE CAMPUS,SANTA BARBARA,SANTA BARBARA,GENERAL,4827,3781,1,2005,UC,P,1457488.0,SANTA BARBARA
SANTA BARBARA,8516,RECCEN,CORE CAMPUS,SANTA BARBARA,SANTA BARBARA,GENERAL,68449,46913,2,1994,UC,P,5922496.0,SANTA BARBARA
SANTA BARBARA,8528,SOUTH HALL,CORE CAMPUS,SANTA BARBARA,SANTA BARBARA,GENERAL,133445,80156,7,1969,UC,P,269741.0,SANTA BARBARA
SANTA BARBARA,8539,BIOSCI ANNEX,CORE CAMPUS,SANTA BARBARA,SANTA BARBARA,GENERAL,1427,924,1,1958,UC,P,0.0,SANTA BARBARA
SANTA BARBARA,8549,DE LA GUERRA,CORE CAMPUS,SANTA BARBARA,SANTA BARBARA,RESIDENTIAL,34082,27526,2,1958,UC,P,9085321.0,SANTA BARBARA
SANTA BARBARA,8559,N SEW PMP ST,CORE CAMPUS,SANTA BARBARA,SANTA BARBARA,GENERAL,895,0,3,1969,UC,P,,SANTA BARBARA
SANTA BARBARA,8570,CHEM ANNEX,CORE CAMPUS,SANTA BARBARA,SANTA BARBARA,GENERAL,6141,5378,1,1964,UC,I,369775.0,SANTA BARBARA
SANTA BARBARA,8583,AVIARY,CORE CAMPUS,SANTA BARBARA,SANTA BARBARA,GENERAL,1649,1345,1,1993,UC,P,,SANTA BARBARA
SANTA BARBARA,8595,CENTL GARAGE,CORE CAMPUS,SANTA BARBARA,SANTA BARBARA,GENERAL,3870,3619,2,1974,UC,P,0.0,SANTA BARBARA
SANTA BARBARA,8701,WST APT 701,WALK & STORKE,GOLETA,SANTA BARBARA,RESIDENTIAL,4956,3712,2,1961,UC,P,0.0,SANTA BARBARA
SANTA BARBARA,8707,WST APT 707,WALK & SBTOOLTROKNE,GOLETA,SANTA BARBARA,RESIDENTIAL,4956,3712,2,1961,UC,P,0.0,SANTA BARBARA
SANTA BARBARA,8715,WST APT 715,WALK & SBOTOLTROKNE,GOLETA,SANTA BARBARA,RESIDENTIAL,4956,3712,2,1961,UC,P,0.0,SANTA BARBARA
SANTA BARBARA,8725,WST APT 725,WALK & BSOTOLTROKNE,GOLETA,SANTA BARBARA,RESIDENTIAL,4086,3355,2,1961,UC,P,0.0,SANTA BARBARA
SANTA BARBARA,8735,WST APT 735,WALK & BSOTOLTROKNE,GOLETA,SANTA BARBARA,RESIDENTIAL,4086,3355,2,1961,UC,P,0.0,SANTA BARBARA
SANTA BARBARA,8745,WST HTR 745,WALK & BSTOOLTROKNE,GOLETA,SANTA BARBARA,RESIDENTIAL,96,0,1,1961,UC,P,0.0,SANTA BARBARA
SANTA BARBARA,8755,WST HTR 755,WALK & SBTOOLTROKNE,GOLETA,SANTA BARBARA,RESIDENTIAL,96,0,1,1961,UC,P,0.0,SANTA BARBARA
SANTA BARBARA,8765,STK APT 765,LAUREL 7W8A6L K,GOLETA,SANTA BARBARA,RESIDENTIAL,8527,7510,3,1972,UC,P,0.0,SANTA BARBARA
SANTA BARBARA,8775,STK APT 775,LAUREL W78A6L K,GOLETA,SANTA BARBARA,RESIDENTIAL,7688,6750,3,1972,UC,P,0.0,SANTA BARBARA
SANTA BARBARA,8785,STK APT 785,LAUREL W78A6L K,GOLETA,SANTA BARBARA,RESIDENTIAL,7688,6750,3,1972,UC,P,0.0,SANTA BARBARA
SANTA BARBARA,8794,STK APT 794,LAUREL W69A0L0K,GOLETA,SANTA BARBARA,RESIDENTIAL,7559,6148,2,1982,UC,P,0.0,SANTA BARBARA
SANTA BARBARA,8798,STK APT 798,LAUREL W78A6L K,GOLETA,SANTA BARBARA,RESIDENTIAL,7559,6148,2,1982,UC,P,0.0,SANTA BARBARA
SANTA BARBARA,8812,SY APTS 812,COLEGIO &E LL OS,GOLETA,SANTA BARBARA,RESIDENTIAL,9853,8202,2,1980,UC,P,0.0,SANTA BARBARA
SANTA BARBARA,8822,SY APTS 822,COLEGIO E&L L OS,GOLETA,SANTA BARBARA,RESIDENTIAL,5971,5006,2,1980,UC,P,0.0,SANTA BARBARA
SANTA BARBARA,8832,SY SHOP 832,COLEGIO &65 L1O0 SE L,GOLETA,SANTA BARBARA,RESIDENTIAL,3299,2932,1,1986,UC,P,20427.0,SANTA BARBARA
SANTA BARBARA,8848,CASTAIC 848,COLEGIO 6R5D20 EL,SANTA BARBARA,SANTA BARBARA,RESIDENTIAL,2709,1969,1,2008,UC,P,1654706.0,SANTA BARBARA
SANTA BARBARA,8879,JALAMA,CORE CAMPUS,SANTA BARBARA,SANTA BARBARA,RESIDENTIAL,11439,9176,4,2002,UC,P,1937069.0,SANTA BARBARA
SANTA BARBARA,8889,CAMUESA,CORE CAMPUS,SANTA BARBARA,SANTA BARBARA,RESIDENTIAL,11391,9075,3,2002,UC,P,1865905.0,SANTA BARBARA
SANTA BARBARA,8942,TRLR 942,CORE C66A6M7P EULS,SANTA BARBARA,SANTA BARBARA,GENERAL,1440,1326,1,2001,UP,R,,SANTA BARBARA
SANTA BARBARA,8957,SNARL STORAG,MORRISO N10 R16D MT,MAMMOTH LAKES,MONO,GENERAL,175,150,1,1940,UP,I,,SANTA BARBARA
SANTA CRUZ,7014,VILL HSG C4,1156 HIGH ST,SANTA CRUZ,SANTA CRUZ,RESIDENTIAL,1755,1239,1,1997,UP,P,85135.0,SANTA CRUZ
SANTA CRUZ,7024,VILL HSG C2,1156 HIGH ST,SANTA CRUZ,SANTA CRUZ,RESIDENTIAL,1755,1307,1,1997,UP,P,85135.0,SANTA CRUZ
SANTA CRUZ,7035,CHEM STOR 1,1156 HIGH ST,SANTA CRUZ,SANTA CRUZ,GENERAL,61,60,1,1997,UP,P,6904.0,SANTA CRUZ
SANTA CRUZ,7049,L CT APT 708,708 NOBEL DRIVE,SANTA CRUZ,SANTA CRUZ,RESIDENTIAL,1995,1850,2,1991,UP,P,288307.0,SANTA CRUZ
SANTA CRUZ,7059,L CT APT 744,744 NOBEL DRIVE,SANTA CRUZ,SANTA CRUZ,RESIDENTIAL,2460,1822,3,1991,UP,P,261608.0,SANTA CRUZ
SANTA CRUZ,7086,MBEST HQ SRV,3239 IMJIN RD,MARINA,MONTERE Y,GENERAL,1068,184,1,2001,UC,P,480961.0,SANTA CRUZ
SANTA CRUZ,7104,GRANARY,1156 HIGH ST,SANTA CRUZ,SANTA CRUZ,RESIDENTIAL,2465,2097,1,1845,UC,P,168309.0,SANTA CRUZ
SANTA CRUZ,7114,BLKSMTH SHOP,1156 HIGH ST,SANTA CRUZ,SANTA CRUZ,GENERAL,1939,1102,1,1845,UC,P,18729.0,SANTA CRUZ
SANTA CRUZ,7124,PRESCOT T,1156 HIGH ST,SANTA CRUZ,SANTA CRUZ,RESIDENTIAL,15614,9868,4,1966,UC,P,6900.0,SANTA CRUZ
SANTA CRUZ,7134,CL COLL COM,1156 HIGH ST,SANTA CRUZ,SANTA CRUZ,GENERAL,44563,25461,3,1966,UC,P,13369275.0,SANTA CRUZ
SANTA CRUZ,7144,ST COLL COM,1156 HIGH ST,SANTA CRUZ,SANTA CRUZ,GENERAL,18547,13459,1,1966,UC,P,1554086.0,SANTA CRUZ
SANTA CRUZ,7154,CR GALILEO,1156 HIGH ST,SANTA CRUZ,SANTA CRUZ,RESIDENTIAL,10439,6022,4,1967,UC,P,462691.0,SANTA CRUZ
SANTA CRUZ,7169,GARDENH SE,1156 HIGH ST,SANTA CRUZ,SANTA CRUZ,GENERAL,405,366,1,1966,UC,P,0.0,SANTA CRUZ
SANTA CRUZ,7182,STDT UN RDWD,1156 HIGH ST,SANTA CRUZ,SANTA CRUZ,GENERAL,2896,2376,2,1966,UC,P,129050.0,SANTA CRUZ
SANTA CRUZ,7193,ME HOUSE D,1156 HIGH ST,SANTA CRUZ,SANTA CRUZ,RESIDENTIAL,6878,4561,2,1969,UC,P,12941.0,SANTA CRUZ
SANTA CRUZ,7209,MTHAM 22INCH,HAMILTON 7R2D81 MT,SAN JOSE,SANTA CLARA,GENERAL,990,807,2,1951,UC,P,0.0,SANTA CRUZ
SANTA CRUZ,7219,MTHAM R 7219,HAMILTON R72D81 MT,SAN JOSE,SANTA CLARA,RESIDENTIAL,2190,1545,2,1955,UC,P,1303.0,SANTA CRUZ
SANTA CRUZ,7229,MTHAM STOR 1,HAMILTON R72D81 MT,SAN JOSE,SANTA CLARA,GENERAL,960,894,1,1956,UC,P,0.0,SANTA CRUZ
SANTA CRUZ,7262,MTHAM PUMP N,HAMILTON R72D81 MT,SAN JOSE,SANTA CLARA,GENERAL,36,0,1,1920,UC,P,0.0,SANTA CRUZ
SANTA CRUZ,7273,MTHAM RHUYPK,HAMILTON 7R2D81 MT,SAN JOSE,SANTA CLARA,GENERAL,74,0,1,1890,UC,P,0.0,SANTA CRUZ
SANTA CRUZ,7287,MTHAM B PUMP,HAMILTON 7R2D81 MT,SAN JOSE,SANTA CLARA,GENERAL,144,0,1,1926,UC,P,,SANTA CRUZ
SANTA CRUZ,7303,PORTER HSE A,1156 HIGH ST,SANTA CRUZ,SANTA CRUZ,RESIDENTIAL,85493,48841,7,1971,UC,P,36329636.0,SANTA CRUZ
SANTA CRUZ,7313,TA STUDIO,1156 HIGH ST,SANTA CRUZ,SANTA CRUZ,GENERAL,7759,5740,2,1971,UC,P,65290.0,SANTA CRUZ
SANTA CRUZ,7324,WASHBAY,1156 HIGH STREET,SANTA CRUZ,SANTA CRUZ,GENERAL,428,0,1,2013,UC,P,16108.0,SANTA CRUZ
SANTA CRUZ,7334,SH 415-421,1156 HIGH ST,SANTA CRUZ,SANTA CRUZ,RESIDENTIAL,6724,5664,3,1971,UC,P,6643.0,SANTA CRUZ
SANTA CRUZ,7344,SH 317-323,1156 HIGH ST,SANTA CRUZ,SANTA CRUZ,RESIDENTIAL,6731,5664,3,1971,UC,P,55209.0,SANTA CRUZ
SANTA CRUZ,7354,SH 712-714,1156 HIGH ST,SANTA CRUZ,SANTA CRUZ,RESIDENTIAL,2918,2304,3,1970,UC,P,6649.0,SANTA CRUZ
SANTA CRUZ,7364,LPG BOILER,1156 HIGH ST,SANTA CRUZ,SANTA CRUZ,GENERAL,178,0,1,1968,UC,P,5939.0,SANTA CRUZ
SANTA CRUZ,7378,KR CLRM BLDG,1156 HIGH ST,SANTA CRUZ,SANTA CRUZ,GENERAL,5790,4332,2,1973,UC,P,117559.0,SANTA CRUZ
SANTA CRUZ,7388,KR HOUSE 07,1156 HIGH ST,SANTA CRUZ,SANTA CRUZ,RESIDENTIAL,6134,5249,2,1973,UC,P,783791.0,SANTA CRUZ
SANTA CRUZ,7399,U QUAR DRESS,1156 HIGH ST,SANTA CRUZ,SANTA CRUZ,GENERAL,640,511,1,1973,UC,P,0.0,SANTA CRUZ
SANTA CRUZ,7413,OAK S2,1156 HIGH ST,SANTA CRUZ,SANTA CRUZ,RESIDENTIAL,2259,1405,2,1976,UC,P,7175.0,SANTA CRUZ
SANTA CRUZ,7424,OAK D11 12,1156 HIGH ST,SANTA CRUZ,SANTA CRUZ,RESIDENTIAL,4661,3520,2,1976,UC,P,31698.0,SANTA CRUZ
SANTA CRUZ,7438,LML DOYLE,SHAFFER ROAD,SANTA CRUZ,SANTA CRUZ,GENERAL,8511,6652,2,1978,UC,P,2920.0,SANTA CRUZ
SANTA CRUZ,7479,CASFS LAB,1156 HIGH ST,SANTA CRUZ,SANTA CRUZ,GENERAL,1424,1251,1,1983,UC,P,276.0,SANTA CRUZ
SANTA CRUZ,7497,EBASK BLDG E,1156 HIGH ST,SANTA CRUZ,SANTA CRUZ,GENERAL,7656,5847,1,1984,UC,P,95804.0,SANTA CRUZ
SANTA CRUZ,7516,BCR HLND WTR,RESERVE HIGHWAY,BIG SUR,MONTERE Y,GENERAL,33,0,1,1993,UC,P,,SANTA CRUZ
SANTA CRUZ,7541,CR HSG BLD 7,1156 HIGH ST,SANTA CRUZ,SANTA CRUZ,RESIDENTIAL,9941,8816,3,1986,UC,P,92893.0,SANTA CRUZ
SANTA CRUZ,7553,GRAD HOUSE 1,1156 HIGH ST,SANTA CRUZ,SANTA CRUZ,RESIDENTIAL,11234,9693,3,1986,UC,P,107877.0,SANTA CRUZ
SANTA CRUZ,7648,ARBOR DOME 3,1156 HIGH 1S0T0R EET,SANTA CRUZ,SANTA CRUZ,GENERAL,755,601,1,1975,UC,P,,SANTA CRUZ
SANTA CRUZ,7704,HUMANIT REST,1156 HIGH ST,SANTA CRUZ,SANTA CRUZ,GENERAL,778,0,1,2006,UC,P,417986.0,SANTA CRUZ
SANTA CRUZ,7715,PORTER APT H,1156 HIGH ST,SANTA CRUZ,SANTA CRUZ,RESIDENTIAL,12308,10734,3,2004,UC,P,867175.0,SANTA CRUZ
SANTA CRUZ,7735,ARBOR GFTSHP,1156 HIGH ST,SANTA CRUZ,SANTA CRUZ,GENERAL,1100,504,1,1994,UC,P,5878.0,SANTA CRUZ
SANTA CRUZ,7746,OAKES DORM 1,1156 HIGH ST,SANTA CRUZ,SANTA CRUZ,RESIDENTIAL,15646,9325,3,1988,UC,P,369965.0,SANTA CRUZ
SANTA CRUZ,7757,EIGHT DINE,1156 HIGH ST,SANTA CRUZ,SANTA CRUZ,RESIDENTIAL,7339,4566,2,1990,UC,P,394863.0,SANTA CRUZ
SANTA CRUZ,7767,EIGHT CAFE,1156 HIGH ST,SANTA CRUZ,SANTA CRUZ,RESIDENTIAL,4371,2800,3,1990,UC,P,397714.0,SANTA CRUZ
SANTA CRUZ,7786,PHYS PLN TR3,1156 HIGH ST,SANTA CRUZ,SANTA CRUZ,GENERAL,552,494,1,1990,UP,R,15260.0,SANTA CRUZ
SANTA CRUZ,7796,FARM GOAT SH,1156 HIGH ST,SANTA CRUZ,SANTA CRUZ,GENERAL,250,227,1,1845,UC,P,,SANTA CRUZ
SANTA CRUZ,7806,ME MING ONG,1156 HIGH ST,SANTA CRUZ,SANTA CRUZ,GENERAL,1990,1548,1,1991,UC,P,134371.0,SANTA CRUZ
SANTA CRUZ,7820,WTR TANK,1156 HIGH ST,SANTA CRUZ,SANTA CRUZ,GENERAL,4069,0,1,1992,UC,P,,SANTA CRUZ
SANTA CRUZ,7906,ST APT 11,1156 HIGH ST,SANTA CRUZ,SANTA CRUZ,RESIDENTIAL,18651,16476,3,2004,UC,P,1560976.0,SANTA CRUZ
SANTA CRUZ,7920,SOC SCI 1,1156 HIGH ST,SANTA CRUZ,SANTA CRUZ,GENERAL,54610,32521,5,1994,UC,P,4026857.0,SANTA CRUZ
SANTA CRUZ,7930,COL 9 LOUNGE,1156 HIGH ST,SANTA CRUZ,SANTA CRUZ,RESIDENTIAL,2013,1629,1,2002,UC,P,389419.0,SANTA CRUZ
SANTA CRUZ,7940,ENGINEER BLD,1156 HIGH ST,SANTA CRUZ,SANTA CRUZ,GENERAL,151550,88451,6,2004,UC,P,33381550.0,SANTA CRUZ
SANTA CRUZ,7X07,TIRE CONTNR,1156 HIGH STREET,SANTA CRUZ,SANTA CRUZ,GENERAL,200,0,1,2010,UC,P,,SANTA CRUZ
SYSTEMWI DE,1530,BERKWAY 2120,BERKELEY W70A RYINCON,BERKELEY,ALAMEDA,GENERAL,25600,13088,3,1916,UP,P,243756.0,SYSTEMWIDE
